x,y,r,building,road,none,f1,f2,f3,f4,f5,f6,f7,f8,f9,f10,f11,f12,f13,f14,f15,f16
538.0,1130.0,75.0,1e-05,0.12,0.88,1.4705137014389038,8.351203918457031,1e-05,8.23171615600586,1e-05,3.870251417160034,1e-05,2.6843056678771973,1e-05,1e-05,17.741573333740234,1.1737010478973389,1e-05,1e-05,1e-05,5.123204708099365
1655.0,588.0,75.0,1e-05,1e-05,1.0,0.021639198064804077,1e-05,0.8573355078697205,1.192230224609375,0.08542566001415253,0.23006044328212738,1e-05,1e-05,1e-05,0.3198428750038147,1e-05,1.1486812829971313,1e-05,0.12352446466684341,0.48011964559555054,0.9406467080116272
95.0,476.0,75.0,1e-05,1e-05,1.0,0.10301655530929565,0.5734527111053467,0.32300424575805664,1e-05,0.014394909143447876,1e-05,1e-05,1e-05,1e-05,1e-05,1e-05,0.10367128252983093,1e-05,1e-05,0.4706650376319885,0.14567509293556213
1089.0,288.0,75.0,1e-05,0.84,0.16,1e-05,1e-05,3.5349745750427246,6.2118964195251465,1e-05,3.3601906299591064,1e-05,1e-05,1e-05,1e-05,13.41249942779541,29.755050659179688,1e-05,1e-05,1.9857711791992188,28.932802200317383
233.0,1186.0,75.0,1e-05,1e-05,1.0,0.10301655530929565,0.5734527111053467,0.32300424575805664,1e-05,0.014394909143447876,1e-05,1e-05,1e-05,1e-05,1e-05,1e-05,0.10367128252983093,1e-05,1e-05,0.4706650376319885,0.14567509293556213
1540.0,1117.0,75.0,1e-05,1e-05,1.0,0.10301655530929565,0.5734527111053467,0.32300424575805664,1e-05,0.014394909143447876,1e-05,1e-05,1e-05,1e-05,1e-05,1e-05,0.10367128252983093,1e-05,1e-05,0.4706650376319885,0.14567509293556213
209.0,1112.0,75.0,1e-05,1e-05,1.0,0.10301655530929565,0.5734527111053467,0.32300424575805664,1e-05,0.014394909143447876,1e-05,1e-05,1e-05,1e-05,1e-05,1e-05,0.10367128252983093,1e-05,1e-05,0.4706650376319885,0.14567509293556213
192.0,854.0,75.0,1e-05,1e-05,1.0,0.10301655530929565,0.5734527111053467,0.32300424575805664,1e-05,0.014394909143447876,1e-05,1e-05,1e-05,1e-05,1e-05,1e-05,0.10367128252983093,1e-05,1e-05,0.4706650376319885,0.14567509293556213
1268.0,477.0,75.0,1e-05,0.13,0.87,1e-05,1e-05,2.0903475284576416,4.962898254394531,1e-05,1.8741494417190552,1e-05,1e-05,1e-05,1.1390615701675415,0.8854467868804932,6.468133449554443,1e-05,1e-05,0.4557548761367798,5.473710536956787
1477.0,896.0,75.0,1e-05,0.8,0.2,1e-05,1e-05,7.451381683349609,3.5004401206970215,1e-05,0.4083002507686615,1e-05,3.2964975833892822,1e-05,1e-05,7.761107444763184,26.45317268371582,1e-05,1e-05,6.749572277069092,29.555456161499023
368.0,1302.0,75.0,0.04,0.31,0.65,1e-05,1e-05,5.09492301940918,1e-05,1e-05,1e-05,1e-05,14.101116180419922,1e-05,1e-05,30.40565299987793,14.236705780029297,1e-05,1e-05,6.634634971618652,22.671600341796875
1441.0,1687.0,75.0,0.96,1e-05,0.04,0.6116795539855957,34.3128662109375,47.0117301940918,1e-05,1e-05,1e-05,1e-05,36.388450622558594,1e-05,1e-05,26.21556282043457,17.13630485534668,1e-05,1e-05,43.396324157714844,59.03889465332031
1373.0,1261.0,75.0,1e-05,1e-05,1.0,0.10301655530929565,0.5734527111053467,0.32300424575805664,1e-05,0.014394909143447876,1e-05,1e-05,1e-05,1e-05,1e-05,1e-05,0.10367128252983093,1e-05,1e-05,0.4706650376319885,0.14567509293556213
650.0,1377.0,75.0,0.09,0.91,1e-05,1e-05,1e-05,9.809257507324219,1.157448172569275,1e-05,1e-05,1e-05,5.171135425567627,1e-05,0.06223519146442413,23.121057510375977,39.583866119384766,1e-05,1e-05,13.229455947875977,36.81501770019531
749.0,1986.0,75.0,1e-05,1e-05,1.0,0.10301655530929565,0.5734527111053467,0.32300424575805664,1e-05,0.014394909143447876,1e-05,1e-05,1e-05,1e-05,1e-05,1e-05,0.10367128252983093,1e-05,1e-05,0.4706650376319885,0.14567509293556213
1282.0,1454.0,75.0,0.23,1e-05,0.77,1e-05,10.50749397277832,6.665351867675781,1e-05,1e-05,1e-05,1e-05,14.610224723815918,1e-05,1e-05,22.33482551574707,1.2437868118286133,1e-05,1e-05,3.6316914558410645,15.579113960266113
1311.0,1821.0,75.0,0.72,0.05,0.24,10.481987953186035,48.05742645263672,25.96345329284668,1e-05,1e-05,1e-05,1e-05,30.420352935791016,1e-05,2.3443338871002197,34.58360290527344,1e-05,1e-05,1e-05,31.006750106811523,39.698768615722656
852.0,1904.0,75.0,1e-05,1e-05,1.0,2.5794572830200195,5.22633695602417,3.7633681297302246,4.494156360626221,1e-05,1e-05,1e-05,1e-05,1e-05,1e-05,1e-05,4.924258708953857,1e-05,1e-05,5.989535331726074,0.7505126595497131
1323.0,1127.0,75.0,1e-05,0.03,0.97,1e-05,1e-05,6.586621284484863,5.635720252990723,1e-05,0.53733229637146,1e-05,0.18843726813793182,1e-05,0.5417167544364929,0.4067239761352539,9.052111625671387,1e-05,0.075665682554245,5.1140971183776855,7.015608787536621
1304.0,119.0,75.0,1e-05,0.61,0.39,1e-05,1e-05,7.305755615234375,1e-05,1e-05,1e-05,1e-05,10.79504108428955,1e-05,1e-05,35.67852783203125,32.63274002075195,1e-05,1e-05,12.197978973388672,36.02288818359375
1094.0,1979.0,75.0,1e-05,0.48,0.52,1e-05,1e-05,6.874379634857178,1e-05,1e-05,1e-05,1e-05,12.50532341003418,1e-05,1e-05,32.27568054199219,25.407386779785156,1e-05,1e-05,11.614072799682617,31.911701202392578
154.0,1081.0,75.0,1e-05,1e-05,1.0,0.10301655530929565,0.5734527111053467,0.32300424575805664,1e-05,0.014394909143447876,1e-05,1e-05,1e-05,1e-05,1e-05,1e-05,0.10367128252983093,1e-05,1e-05,0.4706650376319885,0.14567509293556213
1581.0,878.0,75.0,1e-05,0.87,0.13,1e-05,1e-05,7.954470634460449,0.4953865110874176,1e-05,1e-05,1e-05,4.746811866760254,1e-05,1e-05,17.667116165161133,33.287872314453125,1e-05,1e-05,10.465471267700195,35.16142272949219
422.0,110.0,75.0,1e-05,1e-05,1.0,0.10301655530929565,0.5734527111053467,0.32300424575805664,1e-05,0.014394909143447876,1e-05,1e-05,1e-05,1e-05,1e-05,1e-05,0.10367128252983093,1e-05,1e-05,0.4706650376319885,0.14567509293556213
1459.0,1754.0,75.0,1.0,1e-05,1e-05,3.335062026977539,43.560447692871094,46.51404571533203,1e-05,1e-05,1e-05,1e-05,40.94395065307617,1e-05,0.9027298092842102,34.88264465332031,12.707792282104492,1e-05,1e-05,44.12062072753906,61.15257263183594
1619.0,1060.0,75.0,1e-05,0.14,0.86,1e-05,1e-05,5.282381057739258,1e-05,1e-05,1e-05,1e-05,10.789373397827148,1e-05,1e-05,18.094133377075195,10.34055233001709,1e-05,1e-05,6.849956512451172,16.6898193359375
234.0,1047.0,75.0,1e-05,1e-05,1.0,0.10301655530929565,0.5734527111053467,0.32300424575805664,1e-05,0.014394909143447876,1e-05,1e-05,1e-05,1e-05,1e-05,1e-05,0.10367128252983093,1e-05,1e-05,0.4706650376319885,0.14567509293556213
1780.0,555.0,75.0,1e-05,1e-05,1.0,1e-05,0.3362712562084198,0.2280612289905548,1e-05,0.04846895486116409,1e-05,1e-05,0.046235401183366776,1e-05,1e-05,0.07772428542375565,0.012401952408254147,1e-05,1e-05,0.2534417510032654,0.20596881210803986
671.0,1704.0,75.0,0.99,1e-05,0.01,7.1027445793151855,52.612525939941406,43.58064651489258,1e-05,1e-05,1e-05,1e-05,42.27152633666992,1e-05,2.6398279666900635,39.6895866394043,7.0739426612854,1e-05,1e-05,43.800750732421875,60.09032440185547
389.0,187.0,75.0,1e-05,1e-05,1.0,0.10301655530929565,0.5734527111053467,0.32300424575805664,1e-05,0.014394909143447876,1e-05,1e-05,1e-05,1e-05,1e-05,1e-05,0.10367128252983093,1e-05,1e-05,0.4706650376319885,0.14567509293556213
1608.0,544.0,75.0,1e-05,0.07,0.93,0.1531374752521515,1e-05,1.2334117889404297,5.018941879272461,1e-05,2.386972665786743,1e-05,1e-05,1e-05,2.09075665473938,1.4802651405334473,3.6672370433807373,1e-05,1e-05,1e-05,3.673902750015259
1812.0,1190.0,75.0,1e-05,0.86,0.14,1e-05,1e-05,4.834573268890381,3.2221474647521973,1e-05,1.4203141927719116,1e-05,0.5343160033226013,1e-05,1e-05,9.31821060180664,26.109657287597656,1e-05,1e-05,3.6441047191619873,28.737680435180664
1718.0,1865.0,75.0,1e-05,0.33,0.67,1e-05,1e-05,2.014103889465332,1e-05,1e-05,1e-05,1e-05,1.6546857357025146,1e-05,1e-05,5.414597511291504,9.836764335632324,1e-05,1e-05,2.4200193881988525,12.983081817626953
471.0,1262.0,75.0,0.18,0.67,0.15,1e-05,1e-05,6.329207897186279,1e-05,1e-05,1e-05,1e-05,6.954244613647461,1e-05,1e-05,14.902514457702637,21.216806411743164,1e-05,1e-05,8.647582054138184,27.456506729125977
291.0,331.0,75.0,1e-05,1e-05,1.0,0.10301655530929565,0.5734527111053467,0.32300424575805664,1e-05,0.014394909143447876,1e-05,1e-05,1e-05,1e-05,1e-05,1e-05,0.10367128252983093,1e-05,1e-05,0.4706650376319885,0.14567509293556213
1507.0,812.0,75.0,1e-05,0.95,0.05,1e-05,1e-05,4.524578094482422,1e-05,1e-05,0.014852837659418583,1e-05,2.4309706687927246,1e-05,1e-05,16.239055633544922,29.100818634033203,1e-05,1e-05,5.857887268066406,33.89952087402344
432.0,144.0,75.0,1e-05,1e-05,1.0,0.10301655530929565,0.5734527111053467,0.32300424575805664,1e-05,0.014394909143447876,1e-05,1e-05,1e-05,1e-05,1e-05,1e-05,0.10367128252983093,1e-05,1e-05,0.4706650376319885,0.14567509293556213
542.0,384.0,75.0,1e-05,1e-05,1.0,0.10301655530929565,0.5734527111053467,0.32300424575805664,1e-05,0.014394909143447876,1e-05,1e-05,1e-05,1e-05,1e-05,1e-05,0.10367128252983093,1e-05,1e-05,0.4706650376319885,0.14567509293556213
1111.0,283.0,75.0,1e-05,0.68,0.32,1e-05,1e-05,2.960773468017578,11.366523742675781,1e-05,5.895137786865234,1e-05,1e-05,1e-05,1.0900238752365112,10.739653587341309,26.202333450317383,1e-05,1e-05,1e-05,24.287540435791016
776.0,878.0,75.0,1e-05,1e-05,1.0,0.10301655530929565,0.5734527111053467,0.32300424575805664,1e-05,0.014394909143447876,1e-05,1e-05,1e-05,1e-05,1e-05,1e-05,0.10367128252983093,1e-05,1e-05,0.4706650376319885,0.14567509293556213
594.0,134.0,75.0,1e-05,1e-05,1.0,0.10301655530929565,0.5734527111053467,0.32300424575805664,1e-05,0.014394909143447876,1e-05,1e-05,1e-05,1e-05,1e-05,1e-05,0.10367128252983093,1e-05,1e-05,0.4706650376319885,0.14567509293556213
1685.0,1699.0,75.0,1e-05,1e-05,1.0,0.10301655530929565,0.5734527111053467,0.32300424575805664,1e-05,0.014394909143447876,1e-05,1e-05,1e-05,1e-05,1e-05,1e-05,0.10367128252983093,1e-05,1e-05,0.4706650376319885,0.14567509293556213
1245.0,2013.0,75.0,1e-05,0.56,0.44,1e-05,1e-05,0.5060250759124756,9.73363971710205,1e-05,6.135787010192871,1e-05,1e-05,1e-05,0.1604808121919632,9.726888656616211,17.82843780517578,1e-05,1e-05,1e-05,17.78156280517578
1257.0,981.0,75.0,1e-05,0.62,0.38,1e-05,1e-05,3.9790847301483154,0.16190090775489807,1e-05,0.057825639843940735,1e-05,2.251983642578125,1e-05,1e-05,10.077984809875488,20.357107162475586,1e-05,1e-05,4.722497940063477,23.914718627929688
1390.0,627.0,75.0,1e-05,0.02,0.98,1e-05,0.04010119289159775,0.698408305644989,1e-05,1e-05,1e-05,1e-05,1.762186884880066,1e-05,1e-05,3.981919288635254,1.764216661453247,1e-05,1e-05,0.8658251166343689,2.9251248836517334
1566.0,673.0,75.0,1e-05,0.75,0.25,1e-05,1e-05,3.779536247253418,10.242829322814941,1e-05,4.826424598693848,1e-05,1e-05,1e-05,0.6036389470100403,10.800236701965332,28.987009048461914,1e-05,1e-05,0.48728060722351074,26.925426483154297
866.0,1640.0,75.0,1e-05,1.0,1e-05,1e-05,1e-05,5.455315589904785,1.1260265111923218,1e-05,0.43972620368003845,1e-05,1.8531173467636108,1e-05,1e-05,14.68688678741455,31.233116149902344,1e-05,1e-05,6.209165096282959,34.6779670715332
1596.0,1511.0,75.0,1e-05,1e-05,1.0,0.10301655530929565,0.5734527111053467,0.32300424575805664,1e-05,0.014394909143447876,1e-05,1e-05,1e-05,1e-05,1e-05,1e-05,0.10367128252983093,1e-05,1e-05,0.4706650376319885,0.14567509293556213
574.0,1686.0,75.0,0.45,0.01,0.54,14.39163589477539,54.15580368041992,14.866165161132812,1e-05,1e-05,1e-05,1e-05,31.749971389770508,1e-05,2.9339230060577393,49.90721130371094,1e-05,1e-05,1e-05,24.209074020385742,32.11457061767578
1425.0,1055.0,75.0,1e-05,0.02,0.98,1e-05,1e-05,6.364075183868408,5.494014263153076,1e-05,0.5279999375343323,1e-05,0.1357509344816208,1e-05,0.5298188328742981,0.31067943572998047,8.57327651977539,1e-05,0.10335788130760193,4.983309745788574,6.706563472747803
1048.0,1823.0,75.0,1e-05,0.72,0.28,1e-05,1e-05,6.498249053955078,1e-05,1e-05,1e-05,1e-05,5.880863666534424,1e-05,0.4308388829231262,32.376556396484375,36.137489318847656,1e-05,1e-05,10.634011268615723,33.45796585083008
587.0,1979.0,75.0,1e-05,1e-05,1.0,0.10301655530929565,0.5734527111053467,0.32300424575805664,1e-05,0.014394909143447876,1e-05,1e-05,1e-05,1e-05,1e-05,1e-05,0.10367128252983093,1e-05,1e-05,0.4706650376319885,0.14567509293556213
420.0,268.0,75.0,1e-05,1e-05,1.0,0.10301655530929565,0.5734527111053467,0.32300424575805664,1e-05,0.014394909143447876,1e-05,1e-05,1e-05,1e-05,1e-05,1e-05,0.10367128252983093,1e-05,1e-05,0.4706650376319885,0.14567509293556213
166.0,1154.0,75.0,1e-05,1e-05,1.0,0.10301655530929565,0.5734527111053467,0.32300424575805664,1e-05,0.014394909143447876,1e-05,1e-05,1e-05,1e-05,1e-05,1e-05,0.10367128252983093,1e-05,1e-05,0.4706650376319885,0.14567509293556213
875.0,853.0,75.0,1e-05,1e-05,1.0,0.10301655530929565,0.5734527111053467,0.32300424575805664,1e-05,0.014394909143447876,1e-05,1e-05,1e-05,1e-05,1e-05,1e-05,0.10367128252983093,1e-05,1e-05,0.4706650376319885,0.14567509293556213
288.0,2002.0,75.0,1e-05,1e-05,1.0,0.10301655530929565,0.5734527111053467,0.32300424575805664,1e-05,0.014394909143447876,1e-05,1e-05,1e-05,1e-05,1e-05,1e-05,0.10367128252983093,1e-05,1e-05,0.4706650376319885,0.14567509293556213
954.0,93.0,75.0,1e-05,1.0,1e-05,1e-05,1e-05,5.308875560760498,1.5111182928085327,1e-05,0.6405127644538879,1e-05,1.3112744092941284,1e-05,1e-05,14.783834457397461,31.556827545166016,1e-05,1e-05,5.90376091003418,34.177913665771484
738.0,793.0,75.0,1e-05,1e-05,1.0,0.10301655530929565,0.5734527111053467,0.32300424575805664,1e-05,0.014394909143447876,1e-05,1e-05,1e-05,1e-05,1e-05,1e-05,0.10367128252983093,1e-05,1e-05,0.4706650376319885,0.14567509293556213
800.0,640.0,75.0,1e-05,1e-05,1.0,0.09805715084075928,0.5627937316894531,0.32055094838142395,1e-05,0.017510026693344116,1e-05,1e-05,1e-05,1e-05,1e-05,1e-05,0.10259968787431717,1e-05,1e-05,0.4637046456336975,0.1471080631017685
1827.0,1205.0,75.0,1e-05,0.8,0.2,1e-05,1e-05,6.260202407836914,4.897791385650635,1e-05,1.3557122945785522,1e-05,1.3879679441452026,1e-05,1e-05,6.450983047485352,25.83043098449707,1e-05,1e-05,4.368318557739258,27.669944763183594
182.0,906.0,75.0,1e-05,1e-05,1.0,0.10301655530929565,0.5734527111053467,0.32300424575805664,1e-05,0.014394909143447876,1e-05,1e-05,1e-05,1e-05,1e-05,1e-05,0.10367128252983093,1e-05,1e-05,0.4706650376319885,0.14567509293556213
590.0,1379.0,75.0,0.5,0.5,1e-05,1e-05,1e-05,17.036684036254883,1e-05,1e-05,1e-05,1e-05,25.323017120361328,1e-05,1e-05,38.16372299194336,29.503095626831055,1e-05,1e-05,21.24344825744629,40.901126861572266
775.0,1204.0,75.0,1e-05,1.0,1e-05,1e-05,1e-05,5.428062438964844,1.0854476690292358,1e-05,0.4330614507198334,1e-05,1.870031714439392,1e-05,1e-05,14.710043907165527,31.16596031188965,1e-05,1e-05,6.1860246658325195,34.6769905090332
1855.0,1617.0,75.0,1e-05,0.34,0.66,1e-05,1e-05,4.584624290466309,9.53625774383545,1e-05,3.206298828125,1e-05,1e-05,1e-05,1.9594539403915405,2.425280809402466,16.34122085571289,1e-05,1e-05,0.926215410232544,13.888935089111328
966.0,1253.0,75.0,1e-05,0.88,0.12,1e-05,1e-05,6.785250186920166,4.063469409942627,1e-05,0.9585488438606262,1e-05,2.176333427429199,1e-05,1e-05,7.845682144165039,27.85513687133789,1e-05,1e-05,5.627593994140625,30.499547958374023
604.0,1603.0,75.0,0.96,1e-05,0.04,8.723599433898926,56.55923080444336,40.6793098449707,1e-05,1e-05,1e-05,1e-05,42.6309928894043,1e-05,3.0993010997772217,43.11674499511719,4.395802021026611,1e-05,1e-05,42.25279998779297,58.29031753540039
1188.0,422.0,75.0,1e-05,0.6,0.4,1e-05,1e-05,3.0267558097839355,14.034965515136719,1e-05,6.976871013641357,1e-05,1e-05,1e-05,2.374309778213501,9.488906860351562,24.975933074951172,1e-05,1e-05,1e-05,22.399442672729492
1111.0,1045.0,75.0,1e-05,0.38,0.62,1e-05,1e-05,2.5334904193878174,1e-05,1e-05,1e-05,1e-05,2.2736897468566895,1e-05,1e-05,7.691084861755371,12.772868156433105,1e-05,1e-05,3.3938517570495605,16.44957160949707
398.0,1724.0,75.0,1e-05,1e-05,1.0,0.05727519094944,0.4481979310512543,0.2680528461933136,1e-05,0.04116915166378021,1e-05,1e-05,1e-05,1e-05,1e-05,1e-05,0.06109371408820152,1e-05,1e-05,0.3707788586616516,0.15957124531269073
1135.0,951.0,75.0,1e-05,0.18,0.82,1e-05,0.8061082363128662,1e-05,3.845125198364258,1e-05,1.3910404443740845,1e-05,2.5836899280548096,1e-05,1e-05,17.6633358001709,4.971004962921143,1e-05,1e-05,1e-05,7.5208258628845215
1543.0,863.0,75.0,1e-05,0.93,0.07,1e-05,1e-05,6.9244513511657715,1.2905715703964233,1e-05,0.039923980832099915,1e-05,3.4200658798217773,1e-05,1e-05,13.001291275024414,30.190582275390625,1e-05,1e-05,7.921457290649414,34.26239013671875
1121.0,822.0,75.0,1e-05,1e-05,1.0,0.10091251134872437,0.5682719945907593,0.32278889417648315,1e-05,0.016183272004127502,1e-05,1e-05,1e-05,1e-05,1e-05,1e-05,0.10405854135751724,1e-05,1e-05,0.4685533046722412,0.14394822716712952
247.0,831.0,75.0,1e-05,1e-05,1.0,0.10301655530929565,0.5734527111053467,0.32300424575805664,1e-05,0.014394909143447876,1e-05,1e-05,1e-05,1e-05,1e-05,1e-05,0.10367128252983093,1e-05,1e-05,0.4706650376319885,0.14567509293556213
118.0,578.0,75.0,1e-05,1e-05,1.0,0.10301655530929565,0.5734527111053467,0.32300424575805664,1e-05,0.014394909143447876,1e-05,1e-05,1e-05,1e-05,1e-05,1e-05,0.10367128252983093,1e-05,1e-05,0.4706650376319885,0.14567509293556213
673.0,1599.0,75.0,0.8,0.2,1e-05,1e-05,8.554750442504883,21.90996742248535,1e-05,1e-05,1e-05,1e-05,32.462501525878906,1e-05,1e-05,42.142818450927734,18.68182945251465,1e-05,1e-05,19.66139793395996,43.432960510253906
1598.0,423.0,75.0,1e-05,1e-05,1.0,1e-05,0.1611877679824829,0.4626215398311615,0.41316211223602295,0.10547660291194916,0.03082984685897827,1e-05,1e-05,1e-05,1e-05,1e-05,0.4557480812072754,1e-05,0.1167946308851242,0.3480947017669678,0.39038026332855225
340.0,950.0,75.0,1e-05,1e-05,1.0,0.10301655530929565,0.5734527111053467,0.32300424575805664,1e-05,0.014394909143447876,1e-05,1e-05,1e-05,1e-05,1e-05,1e-05,0.10367128252983093,1e-05,1e-05,0.4706650376319885,0.14567509293556213
860.0,1046.0,75.0,1e-05,0.01,0.99,0.9140843152999878,4.063079833984375,0.03374596685171127,1.627121090888977,1e-05,0.7636674642562866,1e-05,1.533208966255188,1e-05,1e-05,5.369855880737305,1e-05,1e-05,1e-05,0.8773807883262634,1.7219147682189941
600.0,883.0,75.0,1e-05,1e-05,1.0,0.10301655530929565,0.5734527111053467,0.32300424575805664,1e-05,0.014394909143447876,1e-05,1e-05,1e-05,1e-05,1e-05,1e-05,0.10367128252983093,1e-05,1e-05,0.4706650376319885,0.14567509293556213
1561.0,401.0,75.0,1e-05,0.02,0.98,0.8740720748901367,1e-05,0.5888347029685974,3.8703160285949707,1e-05,1.862377405166626,1e-05,1e-05,1e-05,1.4251385927200317,1.3114535808563232,2.052624464035034,1e-05,1e-05,1e-05,2.3208377361297607
619.0,1236.0,75.0,1e-05,1.0,1e-05,1e-05,1e-05,5.159008026123047,0.8183387517929077,1e-05,0.4162767827510834,1e-05,2.014375686645508,1e-05,1e-05,14.157132148742676,29.690393447875977,1e-05,1e-05,5.796953201293945,33.91039276123047
1660.0,747.0,75.0,1e-05,0.19,0.81,1e-05,1e-05,2.6974868774414062,9.385394096374512,1e-05,4.254003047943115,1e-05,1e-05,1e-05,3.2979207038879395,2.3273532390594482,9.233061790466309,1e-05,1e-05,1e-05,8.031009674072266
1546.0,1061.0,75.0,1e-05,1e-05,1.0,0.10301655530929565,0.5734527111053467,0.32300424575805664,1e-05,0.014394909143447876,1e-05,1e-05,1e-05,1e-05,1e-05,1e-05,0.10367128252983093,1e-05,1e-05,0.4706650376319885,0.14567509293556213
1690.0,832.0,75.0,1e-05,0.18,0.82,1e-05,1e-05,1.8489874601364136,8.625680923461914,1e-05,4.31525182723999,1e-05,1e-05,1e-05,2.787306070327759,3.0336544513702393,7.97427225112915,1e-05,1e-05,1e-05,7.310643672943115
811.0,110.0,75.0,1e-05,1.0,1e-05,1e-05,1e-05,5.710808753967285,1.1366809606552124,1e-05,0.32582077383995056,1e-05,2.0080885887145996,1e-05,1e-05,15.517556190490723,32.32917785644531,1e-05,1e-05,6.787069320678711,35.26268005371094
1708.0,116.0,75.0,1e-05,1e-05,1.0,0.10301655530929565,0.5734527111053467,0.32300424575805664,1e-05,0.014394909143447876,1e-05,1e-05,1e-05,1e-05,1e-05,1e-05,0.10367128252983093,1e-05,1e-05,0.4706650376319885,0.14567509293556213
1433.0,1539.0,75.0,0.48,1e-05,0.52,1e-05,15.157695770263672,34.49839401245117,3.249335765838623,1e-05,1e-05,1e-05,14.377710342407227,1e-05,1e-05,1.4669722318649292,21.947147369384766,1e-05,1e-05,30.549623489379883,36.223045349121094
1708.0,602.0,75.0,1e-05,1e-05,1.0,0.10301655530929565,0.5734527111053467,0.32300424575805664,1e-05,0.014394909143447876,1e-05,1e-05,1e-05,1e-05,1e-05,1e-05,0.10367128252983093,1e-05,1e-05,0.4706650376319885,0.14567509293556213
433.0,546.0,75.0,1e-05,1e-05,1.0,0.10301655530929565,0.5734527111053467,0.32300424575805664,1e-05,0.014394909143447876,1e-05,1e-05,1e-05,1e-05,1e-05,1e-05,0.10367128252983093,1e-05,1e-05,0.4706650376319885,0.14567509293556213
1875.0,1864.0,75.0,1e-05,1e-05,1.0,0.006482124328613281,0.3941466510295868,0.3700362741947174,0.043488338589668274,0.0729859322309494,1e-05,1e-05,1e-05,1e-05,1e-05,1e-05,0.18032678961753845,1e-05,0.003944046795368195,0.42077016830444336,0.21161822974681854
527.0,1216.0,75.0,0.02,0.71,0.27,1e-05,1e-05,1.4987070560455322,1e-05,1e-05,0.04594762623310089,1e-05,1.737380862236023,1e-05,1e-05,14.020160675048828,17.3299503326416,1e-05,1e-05,2.4073286056518555,22.340253829956055
615.0,1175.0,75.0,1e-05,0.65,0.35,1e-05,1e-05,0.583143413066864,1e-05,1e-05,0.8558147549629211,1e-05,0.6346761584281921,1e-05,1e-05,13.034793853759766,14.742558479309082,1e-05,1e-05,0.6590321063995361,19.365705490112305
436.0,550.0,75.0,1e-05,1e-05,1.0,0.10301655530929565,0.5734527111053467,0.32300424575805664,1e-05,0.014394909143447876,1e-05,1e-05,1e-05,1e-05,1e-05,1e-05,0.10367128252983093,1e-05,1e-05,0.4706650376319885,0.14567509293556213
1298.0,1214.0,75.0,1e-05,1e-05,1.0,0.10301655530929565,0.5734527111053467,0.32300424575805664,1e-05,0.014394909143447876,1e-05,1e-05,1e-05,1e-05,1e-05,1e-05,0.10367128252983093,1e-05,1e-05,0.4706650376319885,0.14567509293556213
1434.0,445.0,75.0,1e-05,0.58,0.42,1e-05,1e-05,6.461400508880615,1e-05,1e-05,1e-05,1e-05,9.010488510131836,1e-05,1e-05,33.71086883544922,31.743703842163086,1e-05,1e-05,10.83507251739502,33.387447357177734
1758.0,1381.0,75.0,1e-05,0.71,0.29,1e-05,1e-05,5.040993690490723,1e-05,1e-05,1e-05,1e-05,6.2208638191223145,1e-05,1e-05,20.3891544342041,24.57207679748535,1e-05,1e-05,8.027993202209473,30.45066261291504
1427.0,792.0,75.0,1e-05,0.43,0.57,1e-05,1e-05,0.9171922206878662,1e-05,1e-05,1e-05,1e-05,4.033099174499512,1e-05,1e-05,17.549348831176758,12.3333158493042,1e-05,1e-05,2.7732245922088623,16.219348907470703
453.0,100.0,75.0,1e-05,1e-05,1.0,0.10301655530929565,0.5734527111053467,0.32300424575805664,1e-05,0.014394909143447876,1e-05,1e-05,1e-05,1e-05,1e-05,1e-05,0.10367128252983093,1e-05,1e-05,0.4706650376319885,0.14567509293556213
1078.0,564.0,75.0,1e-05,0.6,0.4,1e-05,1e-05,10.185615539550781,4.890586853027344,1e-05,1e-05,1e-05,4.287930011749268,1e-05,1e-05,7.678951263427734,27.87450408935547,1e-05,1e-05,9.136700630187988,29.32834815979004
515.0,1588.0,75.0,0.41,0.02,0.57,10.546850204467773,47.79700469970703,11.860992431640625,1e-05,1e-05,1e-05,1e-05,29.784034729003906,1e-05,3.171548843383789,48.26587677001953,1e-05,1e-05,1e-05,18.09809684753418,28.5546932220459
1351.0,1970.0,75.0,0.23,0.01,0.75,30.14263153076172,58.40450668334961,9.965980529785156,2.726694107055664,1e-05,1e-05,1e-05,15.412347793579102,1e-05,1e-05,27.838851928710938,1e-05,1e-05,1e-05,35.80554962158203,19.570661544799805
1202.0,1476.0,75.0,0.11,1e-05,0.89,1e-05,6.450730323791504,4.687289714813232,1e-05,1e-05,1e-05,1e-05,9.303722381591797,1e-05,1e-05,13.546725273132324,1.1518993377685547,1e-05,1e-05,2.9187264442443848,10.117761611938477
1514.0,1377.0,75.0,1e-05,1e-05,1.0,0.10301655530929565,0.5734527111053467,0.32300424575805664,1e-05,0.014394909143447876,1e-05,1e-05,1e-05,1e-05,1e-05,1e-05,0.10367128252983093,1e-05,1e-05,0.4706650376319885,0.14567509293556213
911.0,377.0,75.0,1e-05,0.95,0.05,1e-05,1e-05,6.651909351348877,0.7129768133163452,1e-05,1e-05,1e-05,2.948735237121582,1e-05,1e-05,20.19265365600586,35.92048263549805,1e-05,1e-05,9.162296295166016,36.33195114135742
1695.0,1556.0,75.0,1e-05,1e-05,1.0,0.10301655530929565,0.5734527111053467,0.32300424575805664,1e-05,0.014394909143447876,1e-05,1e-05,1e-05,1e-05,1e-05,1e-05,0.10367128252983093,1e-05,1e-05,0.4706650376319885,0.14567509293556213
1418.0,1132.0,75.0,1e-05,1e-05,1.0,0.10301655530929565,0.5734527111053467,0.32300424575805664,1e-05,0.014394909143447876,1e-05,1e-05,1e-05,1e-05,1e-05,1e-05,0.10367128252983093,1e-05,1e-05,0.4706650376319885,0.14567509293556213
1053.0,182.0,75.0,1e-05,0.72,0.28,1e-05,1e-05,3.118379592895508,10.632741928100586,1e-05,5.416466236114502,1e-05,1e-05,1e-05,0.7634604573249817,11.310348510742188,27.569543838500977,1e-05,1e-05,1e-05,25.6059513092041
1622.0,648.0,75.0,1e-05,0.25,0.75,1e-05,1e-05,2.2897863388061523,11.492934226989746,1e-05,5.786673545837402,1e-05,1e-05,1e-05,3.30977463722229,4.378340721130371,11.378602027893066,1e-05,1e-05,1e-05,10.239770889282227
387.0,1666.0,75.0,1e-05,1e-05,1.0,0.09473222494125366,0.5142099857330322,0.28390398621559143,1e-05,0.027501553297042847,1e-05,1e-05,1e-05,1e-05,1e-05,1e-05,0.08014258742332458,1e-05,1e-05,0.41783785820007324,0.13236762583255768
1654.0,1206.0,75.0,1e-05,1e-05,1.0,1e-05,0.4389874041080475,1.3678759336471558,1e-05,1e-05,1e-05,1e-05,1.8141261339187622,1e-05,1e-05,2.3851404190063477,1.433103084564209,1e-05,1e-05,1.4767674207687378,2.790065050125122
1002.0,1105.0,75.0,1e-05,0.6,0.4,1e-05,1e-05,2.164553642272949,1.9874004125595093,1e-05,1.5046948194503784,1e-05,0.25893205404281616,1e-05,1e-05,7.314155101776123,15.92225170135498,1e-05,1e-05,1.0636255741119385,20.191753387451172
987.0,1592.0,75.0,1e-05,0.3,0.7,1e-05,1e-05,1.6559525728225708,13.580780029296875,1e-05,7.363485336303711,1e-05,1e-05,1e-05,3.2680776119232178,6.892530918121338,12.547877311706543,1e-05,1e-05,1e-05,12.129507064819336
1402.0,406.0,75.0,1e-05,0.49,0.51,1e-05,1e-05,6.494464874267578,1e-05,1e-05,1e-05,1e-05,12.511168479919434,1e-05,1e-05,33.253135681152344,25.304414749145508,1e-05,1e-05,11.235973358154297,31.9617919921875
903.0,731.0,75.0,1e-05,1e-05,1.0,0.10301655530929565,0.5734527111053467,0.32300424575805664,1e-05,0.014394909143447876,1e-05,1e-05,1e-05,1e-05,1e-05,1e-05,0.10367128252983093,1e-05,1e-05,0.4706650376319885,0.14567509293556213
1513.0,648.0,75.0,1e-05,0.92,0.08,1e-05,1e-05,4.531210422515869,0.4837440550327301,1e-05,0.3428872525691986,1e-05,1.806869387626648,1e-05,1e-05,21.941022872924805,33.52152633666992,1e-05,1e-05,7.011030197143555,34.04230499267578
295.0,535.0,75.0,1e-05,1e-05,1.0,0.10301655530929565,0.5734527111053467,0.32300424575805664,1e-05,0.014394909143447876,1e-05,1e-05,1e-05,1e-05,1e-05,1e-05,0.10367128252983093,1e-05,1e-05,0.4706650376319885,0.14567509293556213
76.0,1825.0,75.0,1e-05,1e-05,1.0,0.10301655530929565,0.5734527111053467,0.32300424575805664,1e-05,0.014394909143447876,1e-05,1e-05,1e-05,1e-05,1e-05,1e-05,0.10367128252983093,1e-05,1e-05,0.4706650376319885,0.14567509293556213
360.0,707.0,75.0,1e-05,1e-05,1.0,0.10301655530929565,0.5734527111053467,0.32300424575805664,1e-05,0.014394909143447876,1e-05,1e-05,1e-05,1e-05,1e-05,1e-05,0.10367128252983093,1e-05,1e-05,0.4706650376319885,0.14567509293556213
686.0,173.0,75.0,1e-05,0.07,0.93,1e-05,0.07917096465826035,4.188241958618164,1e-05,1e-05,1e-05,1e-05,8.094396591186523,1e-05,1e-05,12.745070457458496,7.125256061553955,1e-05,1e-05,5.158085823059082,12.012028694152832
1151.0,1657.0,75.0,0.19,1e-05,0.81,14.688801765441895,32.734676361083984,5.040998458862305,1.492353081703186,1e-05,1e-05,1e-05,15.062333106994629,1e-05,1e-05,24.97093391418457,1e-05,1e-05,1e-05,16.036117553710938,15.091434478759766
606.0,731.0,75.0,1e-05,1e-05,1.0,0.10301655530929565,0.5734527111053467,0.32300424575805664,1e-05,0.014394909143447876,1e-05,1e-05,1e-05,1e-05,1e-05,1e-05,0.10367128252983093,1e-05,1e-05,0.4706650376319885,0.14567509293556213
1576.0,2000.0,75.0,1e-05,0.28,0.72,1e-05,1e-05,6.525515556335449,2.9074923992156982,1e-05,1e-05,1e-05,3.20467472076416,1e-05,1e-05,4.340424537658691,15.490983009338379,1e-05,1e-05,5.806078910827637,16.785200119018555
1260.0,534.0,75.0,1e-05,0.11,0.89,1e-05,1e-05,8.246635437011719,8.65777587890625,1e-05,1.3574110269546509,1e-05,1e-05,1e-05,1.322771430015564,0.43523111939430237,12.320487022399902,1e-05,0.3677816092967987,5.489742755889893,9.258183479309082
1667.0,1156.0,75.0,1e-05,0.16,0.84,1e-05,1e-05,5.154020309448242,1e-05,1e-05,1e-05,1e-05,11.015314102172852,1e-05,1e-05,19.276948928833008,10.679913520812988,1e-05,1e-05,6.710811614990234,17.213754653930664
621.0,730.0,75.0,1e-05,1e-05,1.0,0.10301655530929565,0.5734527111053467,0.32300424575805664,1e-05,0.014394909143447876,1e-05,1e-05,1e-05,1e-05,1e-05,1e-05,0.10367128252983093,1e-05,1e-05,0.4706650376319885,0.14567509293556213
234.0,793.0,75.0,1e-05,1e-05,1.0,0.10301655530929565,0.5734527111053467,0.32300424575805664,1e-05,0.014394909143447876,1e-05,1e-05,1e-05,1e-05,1e-05,1e-05,0.10367128252983093,1e-05,1e-05,0.4706650376319885,0.14567509293556213
1224.0,538.0,75.0,1e-05,0.25,0.75,1e-05,1e-05,12.55971908569336,11.597012519836426,1e-05,1.0642863512039185,1e-05,1.2926286458969116,1e-05,0.40676242113113403,3.1719119548797607,24.208850860595703,1e-05,1e-05,8.334510803222656,18.395830154418945
1133.0,415.0,75.0,1e-05,0.94,0.06,1e-05,1e-05,4.3874711990356445,3.5804715156555176,1e-05,1.8954066038131714,1e-05,1e-05,1e-05,1e-05,14.63471794128418,31.01508903503418,1e-05,1e-05,3.960545063018799,31.90645408630371
529.0,1719.0,75.0,0.05,0.01,0.95,5.799515724182129,12.369317054748535,1.413061499595642,0.6773632764816284,1e-05,1e-05,1e-05,5.541868209838867,1e-05,1e-05,9.266339302062988,1e-05,1e-05,1e-05,5.719060897827148,5.3686347007751465
444.0,1808.0,75.0,1e-05,1e-05,1.0,0.10301655530929565,0.5734527111053467,0.32300424575805664,1e-05,0.014394909143447876,1e-05,1e-05,1e-05,1e-05,1e-05,1e-05,0.10367128252983093,1e-05,1e-05,0.4706650376319885,0.14567509293556213
141.0,1980.0,75.0,1e-05,1e-05,1.0,0.10301655530929565,0.5734527111053467,0.32300424575805664,1e-05,0.014394909143447876,1e-05,1e-05,1e-05,1e-05,1e-05,1e-05,0.10367128252983093,1e-05,1e-05,0.4706650376319885,0.14567509293556213
1462.0,1790.0,75.0,1.0,1e-05,1e-05,4.927347660064697,47.19264221191406,45.91883850097656,1e-05,1e-05,1e-05,1e-05,42.039337158203125,1e-05,1.4485563039779663,36.84346389770508,10.61825180053711,1e-05,1e-05,44.14247131347656,61.44135284423828
333.0,130.0,75.0,1e-05,1e-05,1.0,0.10301655530929565,0.5734527111053467,0.32300424575805664,1e-05,0.014394909143447876,1e-05,1e-05,1e-05,1e-05,1e-05,1e-05,0.10367128252983093,1e-05,1e-05,0.4706650376319885,0.14567509293556213
605.0,291.0,75.0,1e-05,1e-05,1.0,0.10301655530929565,0.5734527111053467,0.32300424575805664,1e-05,0.014394909143447876,1e-05,1e-05,1e-05,1e-05,1e-05,1e-05,0.10367128252983093,1e-05,1e-05,0.4706650376319885,0.14567509293556213
1305.0,1470.0,75.0,0.43,1e-05,0.57,1e-05,14.499429702758789,11.581575393676758,1e-05,1e-05,1e-05,1e-05,24.345205307006836,1e-05,1e-05,36.338783264160156,4.475610733032227,1e-05,1e-05,6.887724876403809,26.420738220214844
685.0,348.0,75.0,1e-05,1e-05,1.0,0.10301655530929565,0.5734527111053467,0.32300424575805664,1e-05,0.014394909143447876,1e-05,1e-05,1e-05,1e-05,1e-05,1e-05,0.10367128252983093,1e-05,1e-05,0.4706650376319885,0.14567509293556213
1646.0,1903.0,75.0,1e-05,0.29,0.71,1e-05,1e-05,0.7211735248565674,1e-05,1e-05,1e-05,1e-05,0.725221574306488,1e-05,1e-05,3.637014150619507,5.056639194488525,1e-05,1e-05,0.9163138270378113,7.08944034576416
506.0,1931.0,75.0,1e-05,1e-05,1.0,0.10301655530929565,0.5734527111053467,0.32300424575805664,1e-05,0.014394909143447876,1e-05,1e-05,1e-05,1e-05,1e-05,1e-05,0.10367128252983093,1e-05,1e-05,0.4706650376319885,0.14567509293556213
354.0,2023.0,75.0,1e-05,1e-05,1.0,0.10301655530929565,0.5734527111053467,0.32300424575805664,1e-05,0.014394909143447876,1e-05,1e-05,1e-05,1e-05,1e-05,1e-05,0.10367128252983093,1e-05,1e-05,0.4706650376319885,0.14567509293556213
1643.0,367.0,75.0,1e-05,1e-05,1.0,0.10301655530929565,0.5734527111053467,0.32300424575805664,1e-05,0.014394909143447876,1e-05,1e-05,1e-05,1e-05,1e-05,1e-05,0.10367128252983093,1e-05,1e-05,0.4706650376319885,0.14567509293556213
287.0,1962.0,75.0,1e-05,1e-05,1.0,0.10301655530929565,0.5734527111053467,0.32300424575805664,1e-05,0.014394909143447876,1e-05,1e-05,1e-05,1e-05,1e-05,1e-05,0.10367128252983093,1e-05,1e-05,0.4706650376319885,0.14567509293556213
1453.0,1846.0,75.0,1.0,1e-05,1e-05,4.239645957946777,45.07200241088867,46.56550598144531,1e-05,1e-05,1e-05,1e-05,40.422645568847656,1e-05,0.8486769795417786,33.94352722167969,11.5745267868042,1e-05,1e-05,44.59483337402344,61.12318420410156
180.0,391.0,75.0,1e-05,1e-05,1.0,0.10301655530929565,0.5734527111053467,0.32300424575805664,1e-05,0.014394909143447876,1e-05,1e-05,1e-05,1e-05,1e-05,1e-05,0.10367128252983093,1e-05,1e-05,0.4706650376319885,0.14567509293556213
508.0,249.0,75.0,1e-05,1e-05,1.0,0.10301655530929565,0.5734527111053467,0.32300424575805664,1e-05,0.014394909143447876,1e-05,1e-05,1e-05,1e-05,1e-05,1e-05,0.10367128252983093,1e-05,1e-05,0.4706650376319885,0.14567509293556213
316.0,951.0,75.0,1e-05,1e-05,1.0,0.10301655530929565,0.5734527111053467,0.32300424575805664,1e-05,0.014394909143447876,1e-05,1e-05,1e-05,1e-05,1e-05,1e-05,0.10367128252983093,1e-05,1e-05,0.4706650376319885,0.14567509293556213
1849.0,754.0,75.0,1e-05,1e-05,1.0,0.10301655530929565,0.5734527111053467,0.32300424575805664,1e-05,0.014394909143447876,1e-05,1e-05,1e-05,1e-05,1e-05,1e-05,0.10367128252983093,1e-05,1e-05,0.4706650376319885,0.14567509293556213
908.0,1780.0,75.0,1e-05,0.26,0.74,1e-05,1e-05,10.94880485534668,2.647395610809326,1e-05,1e-05,1e-05,7.669188022613525,1e-05,1e-05,9.550921440124512,22.364887237548828,1e-05,1e-05,12.45014476776123,24.688077926635742
157.0,203.0,75.0,1e-05,1e-05,1.0,0.10301655530929565,0.5734527111053467,0.32300424575805664,1e-05,0.014394909143447876,1e-05,1e-05,1e-05,1e-05,1e-05,1e-05,0.10367128252983093,1e-05,1e-05,0.4706650376319885,0.14567509293556213
757.0,1044.0,75.0,1e-05,1e-05,1.0,0.10301655530929565,0.5734527111053467,0.32300424575805664,1e-05,0.014394909143447876,1e-05,1e-05,1e-05,1e-05,1e-05,1e-05,0.10367128252983093,1e-05,1e-05,0.4706650376319885,0.14567509293556213
493.0,643.0,75.0,1e-05,1e-05,1.0,0.10301655530929565,0.5734527111053467,0.32300424575805664,1e-05,0.014394909143447876,1e-05,1e-05,1e-05,1e-05,1e-05,1e-05,0.10367128252983093,1e-05,1e-05,0.4706650376319885,0.14567509293556213
119.0,843.0,75.0,1e-05,1e-05,1.0,0.10301655530929565,0.5734527111053467,0.32300424575805664,1e-05,0.014394909143447876,1e-05,1e-05,1e-05,1e-05,1e-05,1e-05,0.10367128252983093,1e-05,1e-05,0.4706650376319885,0.14567509293556213
485.0,1639.0,75.0,0.05,0.01,0.94,4.609583854675293,11.43125057220459,1.4537653923034668,0.1690678894519806,1e-05,1e-05,1e-05,6.005298614501953,1e-05,0.3308197855949402,9.379046440124512,1e-05,1e-05,1e-05,4.584405899047852,5.527532577514648
325.0,684.0,75.0,1e-05,1e-05,1.0,0.10301655530929565,0.5734527111053467,0.32300424575805664,1e-05,0.014394909143447876,1e-05,1e-05,1e-05,1e-05,1e-05,1e-05,0.10367128252983093,1e-05,1e-05,0.4706650376319885,0.14567509293556213
338.0,1863.0,75.0,1e-05,1e-05,1.0,0.10301655530929565,0.5734527111053467,0.32300424575805664,1e-05,0.014394909143447876,1e-05,1e-05,1e-05,1e-05,1e-05,1e-05,0.10367128252983093,1e-05,1e-05,0.4706650376319885,0.14567509293556213
1572.0,439.0,75.0,1e-05,0.06,0.94,0.07975414395332336,1e-05,1.2232407331466675,4.295987606048584,1e-05,1.9818137884140015,1e-05,1e-05,1e-05,1.8318209648132324,1.0510231256484985,3.3686931133270264,1e-05,1e-05,1e-05,3.1361231803894043
256.0,1301.0,75.0,1e-05,1e-05,1.0,0.10301655530929565,0.5734527111053467,0.32300424575805664,1e-05,0.014394909143447876,1e-05,1e-05,1e-05,1e-05,1e-05,1e-05,0.10367128252983093,1e-05,1e-05,0.4706650376319885,0.14567509293556213
1515.0,390.0,75.0,1e-05,0.28,0.72,1e-05,1e-05,2.273280143737793,11.985394477844238,1e-05,6.084107875823975,1e-05,1e-05,1e-05,3.302795648574829,4.810072898864746,12.0687255859375,1e-05,1e-05,1e-05,10.978020668029785
1580.0,739.0,75.0,1e-05,0.79,0.21,1e-05,1e-05,4.237571716308594,8.617862701416016,1e-05,3.988640069961548,1e-05,1e-05,1e-05,1e-05,10.932408332824707,30.271955490112305,1e-05,1e-05,1.5823838710784912,28.29338264465332
795.0,1678.0,75.0,0.24,0.76,1e-05,1e-05,1e-05,14.173116683959961,0.29413166642189026,1e-05,1e-05,1e-05,11.814090728759766,1e-05,0.35709887742996216,28.48719024658203,39.34424591064453,1e-05,1e-05,19.251447677612305,38.45884704589844
1857.0,794.0,75.0,1e-05,1e-05,1.0,0.10301655530929565,0.5734527111053467,0.32300424575805664,1e-05,0.014394909143447876,1e-05,1e-05,1e-05,1e-05,1e-05,1e-05,0.10367128252983093,1e-05,1e-05,0.4706650376319885,0.14567509293556213
491.0,1073.0,75.0,1e-05,1e-05,1.0,0.10301655530929565,0.5734527111053467,0.32300424575805664,1e-05,0.014394909143447876,1e-05,1e-05,1e-05,1e-05,1e-05,1e-05,0.10367128252983093,1e-05,1e-05,0.4706650376319885,0.14567509293556213
1095.0,1221.0,75.0,1e-05,0.4,0.6,1e-05,1e-05,8.758109092712402,5.657302379608154,1e-05,0.030730322003364563,1e-05,2.546912908554077,1e-05,1e-05,4.435715675354004,21.613004684448242,1e-05,1e-05,6.568150520324707,21.142152786254883
1353.0,995.0,75.0,1e-05,0.47,0.53,1e-05,1e-05,4.734879970550537,2.7644705772399902,1e-05,0.29252466559410095,1e-05,1.581424593925476,1e-05,1e-05,4.128878116607666,15.984543800354004,1e-05,1e-05,3.8509061336517334,17.29328727722168
674.0,1573.0,75.0,0.7,0.3,1e-05,1e-05,4.82529354095459,20.10163688659668,1e-05,1e-05,1e-05,1e-05,29.39474105834961,1e-05,1e-05,38.672183990478516,21.12859535217285,1e-05,1e-05,19.876012802124023,41.763980865478516
1822.0,308.0,75.0,1e-05,1e-05,1.0,1e-05,1.4346730709075928,0.16307741403579712,0.6142227649688721,1e-05,0.15969803929328918,1e-05,0.8420663475990295,1e-05,1e-05,2.959779977798462,0.22272653877735138,1e-05,1e-05,1e-05,1.1317055225372314
398.0,1602.0,75.0,1e-05,1e-05,1.0,0.1141819953918457,0.5894840359687805,0.31058672070503235,1e-05,0.005458950996398926,1e-05,1e-05,1e-05,1e-05,1e-05,1e-05,0.08009415119886398,1e-05,1e-05,0.46721547842025757,0.14758916199207306
1614.0,1762.0,75.0,0.11,1e-05,0.89,1e-05,2.797846555709839,12.750326156616211,5.2613844871521,1e-05,1e-05,1e-05,2.3372673988342285,1e-05,1e-05,1e-05,12.538032531738281,1e-05,1e-05,11.551450729370117,12.175145149230957
827.0,1947.0,75.0,1e-05,1e-05,1.0,0.10301655530929565,0.5734527111053467,0.32300424575805664,1e-05,0.014394909143447876,1e-05,1e-05,1e-05,1e-05,1e-05,1e-05,0.10367128252983093,1e-05,1e-05,0.4706650376319885,0.14567509293556213
1694.0,587.0,75.0,1e-05,1e-05,1.0,0.10301655530929565,0.5734527111053467,0.32300424575805664,1e-05,0.014394909143447876,1e-05,1e-05,1e-05,1e-05,1e-05,1e-05,0.10367128252983093,1e-05,1e-05,0.4706650376319885,0.14567509293556213
1436.0,478.0,75.0,1e-05,0.53,0.47,1e-05,1e-05,6.22333288192749,1e-05,1e-05,1e-05,1e-05,11.550010681152344,1e-05,1e-05,34.953060150146484,27.502090454101562,1e-05,1e-05,10.927419662475586,32.46965789794922
637.0,1563.0,75.0,0.9,0.1,1e-05,1e-05,20.343984603881836,32.36161422729492,1e-05,1e-05,1e-05,1e-05,38.27484130859375,1e-05,1e-05,41.63890075683594,16.878829956054688,1e-05,1e-05,27.292875289916992,50.47270965576172
1478.0,540.0,75.0,1e-05,0.68,0.32,1e-05,1e-05,5.625693321228027,1e-05,1e-05,1e-05,1e-05,5.791223526000977,1e-05,1e-05,32.47716522216797,34.98073196411133,1e-05,1e-05,9.735101699829102,33.620147705078125
1268.0,840.0,75.0,1e-05,0.03,0.97,1e-05,5.019176483154297,0.26276683807373047,1.940956950187683,1e-05,0.5533302426338196,1e-05,3.0363261699676514,1e-05,1e-05,8.982247352600098,0.04465736076235771,1e-05,1e-05,0.22057287395000458,3.189546823501587
322.0,1016.0,75.0,1e-05,1e-05,1.0,0.10301655530929565,0.5734527111053467,0.32300424575805664,1e-05,0.014394909143447876,1e-05,1e-05,1e-05,1e-05,1e-05,1e-05,0.10367128252983093,1e-05,1e-05,0.4706650376319885,0.14567509293556213
887.0,1750.0,75.0,1e-05,0.5,0.5,1e-05,1e-05,13.171850204467773,4.0588579177856445,1e-05,1e-05,1e-05,7.470495700836182,1e-05,1e-05,11.278987884521484,31.39446449279785,1e-05,1e-05,14.135730743408203,32.7620735168457
682.0,1970.0,75.0,1e-05,1e-05,1.0,0.10301655530929565,0.5734527111053467,0.32300424575805664,1e-05,0.014394909143447876,1e-05,1e-05,1e-05,1e-05,1e-05,1e-05,0.10367128252983093,1e-05,1e-05,0.4706650376319885,0.14567509293556213
623.0,1566.0,75.0,0.97,0.03,1e-05,1e-05,35.2618293762207,42.488250732421875,1e-05,1e-05,1e-05,1e-05,40.049495697021484,1e-05,1.244768500328064,35.91082763671875,15.413092613220215,1e-05,1e-05,39.20180130004883,57.02751541137695
727.0,1512.0,75.0,0.1,0.9,1e-05,1e-05,1e-05,9.799750328063965,1.0941203832626343,1e-05,1e-05,1e-05,5.2808074951171875,1e-05,0.05744393169879913,23.242774963378906,39.33658218383789,1e-05,1e-05,13.23810863494873,36.628883361816406
1161.0,832.0,75.0,1e-05,1e-05,1.0,0.10301655530929565,0.5734527111053467,0.32300424575805664,1e-05,0.014394909143447876,1e-05,1e-05,1e-05,1e-05,1e-05,1e-05,0.10367128252983093,1e-05,1e-05,0.4706650376319885,0.14567509293556213
946.0,1996.0,75.0,1e-05,1e-05,1.0,0.10301655530929565,0.5734527111053467,0.32300424575805664,1e-05,0.014394909143447876,1e-05,1e-05,1e-05,1e-05,1e-05,1e-05,0.10367128252983093,1e-05,1e-05,0.4706650376319885,0.14567509293556213
1855.0,795.0,75.0,1e-05,1e-05,1.0,0.10301655530929565,0.5734527111053467,0.32300424575805664,1e-05,0.014394909143447876,1e-05,1e-05,1e-05,1e-05,1e-05,1e-05,0.10367128252983093,1e-05,1e-05,0.4706650376319885,0.14567509293556213
1437.0,1999.0,75.0,0.1,0.29,0.6,1e-05,1e-05,1e-05,0.9286237955093384,1e-05,0.8959077000617981,1e-05,0.09359876811504364,1e-05,1e-05,10.120028495788574,7.506153583526611,1e-05,1e-05,1e-05,8.81422233581543
601.0,726.0,75.0,1e-05,1e-05,1.0,0.10301655530929565,0.5734527111053467,0.32300424575805664,1e-05,0.014394909143447876,1e-05,1e-05,1e-05,1e-05,1e-05,1e-05,0.10367128252983093,1e-05,1e-05,0.4706650376319885,0.14567509293556213
121.0,1153.0,75.0,1e-05,1e-05,1.0,0.10301655530929565,0.5734527111053467,0.32300424575805664,1e-05,0.014394909143447876,1e-05,1e-05,1e-05,1e-05,1e-05,1e-05,0.10367128252983093,1e-05,1e-05,0.4706650376319885,0.14567509293556213
538.0,639.0,75.0,1e-05,1e-05,1.0,0.10301655530929565,0.5734527111053467,0.32300424575805664,1e-05,0.014394909143447876,1e-05,1e-05,1e-05,1e-05,1e-05,1e-05,0.10367128252983093,1e-05,1e-05,0.4706650376319885,0.14567509293556213
799.0,226.0,75.0,1e-05,0.7,0.3,1e-05,1e-05,7.878249168395996,1e-05,1e-05,1e-05,1e-05,10.574920654296875,1e-05,1e-05,36.47719955444336,35.74895095825195,1e-05,1e-05,12.960700035095215,38.66166687011719
1839.0,939.0,75.0,1e-05,1e-05,1.0,0.08620241284370422,0.5020450353622437,0.27470552921295166,1e-05,0.030978523194789886,1e-05,1e-05,1e-05,1e-05,1e-05,1e-05,0.07021237164735794,1e-05,1e-05,0.40214455127716064,0.13476306200027466
1146.0,1270.0,75.0,1e-05,1e-05,1.0,1e-05,0.3845869302749634,3.5859527587890625,2.6171905994415283,1e-05,0.17378564178943634,1e-05,0.07521279156208038,1e-05,1e-05,1e-05,3.973604679107666,1e-05,1e-05,2.9520468711853027,3.415658473968506
1656.0,1657.0,75.0,1e-05,1e-05,1.0,0.10301655530929565,0.5734527111053467,0.32300424575805664,1e-05,0.014394909143447876,1e-05,1e-05,1e-05,1e-05,1e-05,1e-05,0.10367128252983093,1e-05,1e-05,0.4706650376319885,0.14567509293556213
1712.0,554.0,75.0,1e-05,1e-05,1.0,0.10301655530929565,0.5734527111053467,0.32300424575805664,1e-05,0.014394909143447876,1e-05,1e-05,1e-05,1e-05,1e-05,1e-05,0.10367128252983093,1e-05,1e-05,0.4706650376319885,0.14567509293556213
597.0,1868.0,75.0,1e-05,1e-05,1.0,3.4698898792266846,8.782230377197266,2.7224183082580566,1e-05,1e-05,1e-05,1e-05,3.1989340782165527,1e-05,1e-05,4.331941604614258,1e-05,1e-05,1e-05,5.563908100128174,4.430825710296631
1013.0,1675.0,75.0,1e-05,0.52,0.48,1e-05,1e-05,1.429153561592102,13.763995170593262,1e-05,7.454735279083252,1e-05,1e-05,1e-05,2.008910894393921,9.714500427246094,20.380455017089844,1e-05,1e-05,1e-05,18.818696975708008
1321.0,1527.0,75.0,0.89,1e-05,0.11,1e-05,32.21885299682617,33.12590408325195,1e-05,1e-05,1e-05,1e-05,41.911739349365234,1e-05,1.3673385381698608,51.050846099853516,11.722487449645996,1e-05,1e-05,26.22505760192871,50.42655563354492
797.0,1242.0,75.0,1e-05,1.0,1e-05,1e-05,1e-05,5.4524006843566895,1.120519995689392,1e-05,0.4377339780330658,1e-05,1.858237624168396,1e-05,1e-05,14.682027816772461,31.211477279663086,1e-05,1e-05,6.206879138946533,34.666900634765625
128.0,1392.0,75.0,1e-05,1e-05,1.0,0.10301655530929565,0.5734527111053467,0.32300424575805664,1e-05,0.014394909143447876,1e-05,1e-05,1e-05,1e-05,1e-05,1e-05,0.10367128252983093,1e-05,1e-05,0.4706650376319885,0.14567509293556213
1598.0,157.0,75.0,1e-05,1e-05,1.0,0.10301655530929565,0.5734527111053467,0.32300424575805664,1e-05,0.014394909143447876,1e-05,1e-05,1e-05,1e-05,1e-05,1e-05,0.10367128252983093,1e-05,1e-05,0.4706650376319885,0.14567509293556213
853.0,681.0,75.0,1e-05,1e-05,1.0,0.10301655530929565,0.5734527111053467,0.32300424575805664,1e-05,0.014394909143447876,1e-05,1e-05,1e-05,1e-05,1e-05,1e-05,0.10367128252983093,1e-05,1e-05,0.4706650376319885,0.14567509293556213
233.0,1180.0,75.0,1e-05,1e-05,1.0,0.10301655530929565,0.5734527111053467,0.32300424575805664,1e-05,0.014394909143447876,1e-05,1e-05,1e-05,1e-05,1e-05,1e-05,0.10367128252983093,1e-05,1e-05,0.4706650376319885,0.14567509293556213
1056.0,1198.0,75.0,1e-05,0.6,0.4,1e-05,1e-05,4.378798961639404,3.403756618499756,1e-05,0.9279478192329407,1e-05,1.3073161840438843,1e-05,1e-05,4.4681782722473145,17.899967193603516,1e-05,1e-05,3.0485939979553223,20.005720138549805
429.0,1450.0,75.0,0.34,1e-05,0.66,14.426714897155762,45.3099250793457,9.04734992980957,0.3371399939060211,1e-05,1e-05,1e-05,25.352123260498047,1e-05,2.2423312664031982,40.958091735839844,1e-05,1e-05,1e-05,18.79837989807129,24.16118621826172
1779.0,905.0,75.0,1e-05,1e-05,1.0,0.10301655530929565,0.5734527111053467,0.32300424575805664,1e-05,0.014394909143447876,1e-05,1e-05,1e-05,1e-05,1e-05,1e-05,0.10367128252983093,1e-05,1e-05,0.4706650376319885,0.14567509293556213
1124.0,1915.0,75.0,1e-05,0.81,0.19,1e-05,1e-05,7.293060302734375,4.442393779754639,1e-05,0.8305771946907043,1e-05,1e-05,1e-05,0.5549033284187317,18.698226928710938,39.36921310424805,1e-05,1e-05,8.983455657958984,33.74374771118164
715.0,1700.0,75.0,0.88,0.12,1e-05,1e-05,16.78622817993164,29.60390281677246,1e-05,1e-05,1e-05,1e-05,37.272544860839844,1e-05,1e-05,42.35503387451172,17.07123374938965,1e-05,1e-05,24.844831466674805,48.70850372314453
1322.0,1590.0,75.0,1.0,1e-05,1e-05,4.917473793029785,47.187225341796875,46.06405258178711,1e-05,1e-05,1e-05,1e-05,41.99689865112305,1e-05,1.4110225439071655,36.69237518310547,10.689297676086426,1e-05,1e-05,44.296546936035156,61.54902648925781
1595.0,1098.0,75.0,1e-05,1e-05,1.0,0.0520794540643692,1.3309338092803955,1.5555604696273804,1e-05,1e-05,1e-05,1e-05,1.0744450092315674,1e-05,1e-05,0.7767237424850464,0.5501636266708374,1e-05,1e-05,1.4674241542816162,1.8910537958145142
262.0,467.0,75.0,1e-05,1e-05,1.0,0.10301655530929565,0.5734527111053467,0.32300424575805664,1e-05,0.014394909143447876,1e-05,1e-05,1e-05,1e-05,1e-05,1e-05,0.10367128252983093,1e-05,1e-05,0.4706650376319885,0.14567509293556213
1667.0,1919.0,75.0,1e-05,0.29,0.71,1e-05,1e-05,2.6611318588256836,0.05752316117286682,1e-05,1e-05,1e-05,2.1044163703918457,1e-05,1e-05,4.933452129364014,10.25001335144043,1e-05,1e-05,3.075085401535034,13.233800888061523
1837.0,1088.0,75.0,1e-05,0.15,0.85,1.9322211742401123,4.7477922439575195,1e-05,9.997739791870117,1e-05,5.678508758544922,1e-05,0.037821102887392044,1e-05,1e-05,14.094465255737305,3.22017240524292,1e-05,1e-05,1e-05,5.1151347160339355
510.0,1064.0,75.0,1e-05,1e-05,1.0,0.10301655530929565,0.5734527111053467,0.32300424575805664,1e-05,0.014394909143447876,1e-05,1e-05,1e-05,1e-05,1e-05,1e-05,0.10367128252983093,1e-05,1e-05,0.4706650376319885,0.14567509293556213
419.0,1596.0,75.0,1e-05,1e-05,1.0,1e-05,0.4193226397037506,0.3138293921947479,1e-05,1e-05,1e-05,1e-05,0.08412821590900421,1e-05,1e-05,0.10149593651294708,0.03873053938150406,1e-05,1e-05,0.3469560742378235,0.3030078709125519
186.0,221.0,75.0,1e-05,1e-05,1.0,0.10301655530929565,0.5734527111053467,0.32300424575805664,1e-05,0.014394909143447876,1e-05,1e-05,1e-05,1e-05,1e-05,1e-05,0.10367128252983093,1e-05,1e-05,0.4706650376319885,0.14567509293556213
317.0,1409.0,75.0,1e-05,1e-05,1.0,0.06996665894985199,0.5476469397544861,0.320535272359848,1e-05,1e-05,1e-05,1e-05,1e-05,1e-05,1e-05,0.021318312734365463,0.03819040581583977,1e-05,1e-05,0.44470447301864624,0.22445152699947357
1407.0,737.0,75.0,1e-05,0.11,0.89,1e-05,0.016483090817928314,1.9626318216323853,1e-05,1e-05,1e-05,1e-05,6.001769065856934,1e-05,1e-05,13.488003730773926,5.614872455596924,1e-05,1e-05,2.3555164337158203,9.357151985168457
701.0,810.0,75.0,1e-05,1e-05,1.0,0.10301655530929565,0.5734527111053467,0.32300424575805664,1e-05,0.014394909143447876,1e-05,1e-05,1e-05,1e-05,1e-05,1e-05,0.10367128252983093,1e-05,1e-05,0.4706650376319885,0.14567509293556213
1636.0,1189.0,75.0,1e-05,1e-05,1.0,0.06833657622337341,1.098814845085144,1.1401475667953491,1e-05,1e-05,1e-05,1e-05,0.5844824314117432,1e-05,1e-05,0.37593740224838257,0.36219722032546997,1e-05,1e-05,1.1455681324005127,1.2751716375350952
945.0,427.0,75.0,1e-05,0.99,0.01,1e-05,1e-05,6.301611423492432,0.9985679388046265,1e-05,1e-05,1e-05,2.46901798248291,1e-05,1e-05,17.385074615478516,34.31391906738281,1e-05,1e-05,8.168510437011719,35.976383209228516
454.0,1749.0,75.0,1e-05,1e-05,1.0,0.08944645524024963,0.5177244544029236,0.2954613268375397,1e-05,0.028489507734775543,1e-05,1e-05,1e-05,1e-05,1e-05,1e-05,0.08900760859251022,1e-05,1e-05,0.426264226436615,0.14097657799720764
254.0,546.0,75.0,1e-05,1e-05,1.0,0.10301655530929565,0.5734527111053467,0.32300424575805664,1e-05,0.014394909143447876,1e-05,1e-05,1e-05,1e-05,1e-05,1e-05,0.10367128252983093,1e-05,1e-05,0.4706650376319885,0.14567509293556213
854.0,1806.0,75.0,0.17,0.09,0.74,1e-05,13.404668807983398,24.011754989624023,3.921947956085205,1e-05,1e-05,1e-05,8.309798240661621,1e-05,1e-05,1.6043812036514282,15.563105583190918,1e-05,1e-05,22.290739059448242,23.12537956237793
391.0,1253.0,75.0,1e-05,0.38,0.62,1e-05,1e-05,1e-05,1e-05,1e-05,1e-05,1e-05,4.097188472747803,1e-05,1e-05,21.07392692565918,11.392136573791504,1e-05,1e-05,0.9405086040496826,14.20120906829834
599.0,736.0,75.0,1e-05,1e-05,1.0,0.10301655530929565,0.5734527111053467,0.32300424575805664,1e-05,0.014394909143447876,1e-05,1e-05,1e-05,1e-05,1e-05,1e-05,0.10367128252983093,1e-05,1e-05,0.4706650376319885,0.14567509293556213
1654.0,1860.0,75.0,0.01,0.23,0.76,1e-05,1e-05,1e-05,1e-05,1e-05,0.2842402160167694,1e-05,0.9032469987869263,1e-05,1e-05,8.022207260131836,4.620303153991699,1e-05,1e-05,1e-05,5.685821056365967
923.0,1350.0,75.0,1e-05,0.75,0.25,1e-05,1e-05,6.921219348907471,7.1923723220825195,1e-05,2.096409559249878,1e-05,0.5067405104637146,1e-05,1e-05,5.866922378540039,27.54659080505371,1e-05,1e-05,3.9258229732513428,27.729326248168945
1771.0,1808.0,75.0,1e-05,0.35,0.65,1e-05,1e-05,2.287759780883789,1.3777388334274292,1e-05,0.6364172101020813,1e-05,0.7801899313926697,1e-05,1e-05,3.954641342163086,11.110466957092285,1e-05,1e-05,1.5925390720367432,13.698113441467285
918.0,135.0,75.0,1e-05,1.0,1e-05,1e-05,1e-05,5.4524006843566895,1.120519995689392,1e-05,0.4377339780330658,1e-05,1.858237624168396,1e-05,1e-05,14.682027816772461,31.211477279663086,1e-05,1e-05,6.206879138946533,34.666900634765625
1349.0,644.0,75.0,1e-05,1e-05,1.0,0.10301655530929565,0.5734527111053467,0.32300424575805664,1e-05,0.014394909143447876,1e-05,1e-05,1e-05,1e-05,1e-05,1e-05,0.10367128252983093,1e-05,1e-05,0.4706650376319885,0.14567509293556213
335.0,1149.0,75.0,1e-05,1e-05,1.0,0.10301655530929565,0.5734527111053467,0.32300424575805664,1e-05,0.014394909143447876,1e-05,1e-05,1e-05,1e-05,1e-05,1e-05,0.10367128252983093,1e-05,1e-05,0.4706650376319885,0.14567509293556213
890.0,259.0,75.0,1e-05,1.0,1e-05,1e-05,1e-05,5.525406837463379,1.1312602758407593,1e-05,0.41343483328819275,1e-05,1.896915316581726,1e-05,1e-05,14.88077449798584,31.507387161254883,1e-05,1e-05,6.355452060699463,34.83768081665039
1191.0,601.0,75.0,1e-05,0.03,0.97,1e-05,1e-05,6.832263469696045,5.216303825378418,0.009969055652618408,0.2647908627986908,1e-05,0.49971306324005127,1e-05,0.18924380838871002,0.5616515278816223,9.202763557434082,1e-05,1e-05,5.443114280700684,7.257805347442627
726.0,1865.0,75.0,0.47,1e-05,0.53,15.209969520568848,68.44438171386719,42.93252944946289,1e-05,1e-05,1e-05,1e-05,17.20452880859375,1e-05,1e-05,16.34345245361328,4.819217205047607,1e-05,1e-05,58.35105895996094,42.208343505859375
1627.0,1114.0,75.0,1e-05,0.04,0.96,1e-05,0.2739124596118927,2.955329179763794,1e-05,1e-05,1e-05,1e-05,5.467098236083984,1e-05,1e-05,8.334555625915527,4.5861945152282715,1e-05,1e-05,3.543578624725342,8.047160148620605
271.0,719.0,75.0,1e-05,1e-05,1.0,0.10301655530929565,0.5734527111053467,0.32300424575805664,1e-05,0.014394909143447876,1e-05,1e-05,1e-05,1e-05,1e-05,1e-05,0.10367128252983093,1e-05,1e-05,0.4706650376319885,0.14567509293556213
955.0,139.0,75.0,1e-05,1.0,1e-05,1e-05,1e-05,5.4524006843566895,1.120519995689392,1e-05,0.4377339780330658,1e-05,1.858237624168396,1e-05,1e-05,14.682027816772461,31.211477279663086,1e-05,1e-05,6.206879138946533,34.666900634765625
1343.0,1887.0,75.0,0.69,1e-05,0.31,12.818870544433594,59.74221420288086,27.693723678588867,1e-05,1e-05,1e-05,1e-05,38.02832794189453,1e-05,3.138390302658081,49.20872116088867,1e-05,1e-05,1e-05,34.22650909423828,45.53893280029297
1783.0,382.0,75.0,1e-05,0.05,0.95,1e-05,0.3557312786579132,0.634458601474762,1e-05,1e-05,1e-05,1e-05,2.5106022357940674,1e-05,1e-05,6.57397985458374,2.2811124324798584,1e-05,1e-05,0.568225622177124,3.8506205081939697
360.0,459.0,75.0,1e-05,1e-05,1.0,0.10301655530929565,0.5734527111053467,0.32300424575805664,1e-05,0.014394909143447876,1e-05,1e-05,1e-05,1e-05,1e-05,1e-05,0.10367128252983093,1e-05,1e-05,0.4706650376319885,0.14567509293556213
1383.0,862.0,75.0,1e-05,0.57,0.43,1e-05,1e-05,0.8687678575515747,1e-05,1e-05,1e-05,1e-05,1.9304462671279907,1e-05,1e-05,13.615571022033691,13.835474014282227,1e-05,1e-05,1.8403983116149902,18.29636573791504
1479.0,1542.0,75.0,0.17,1e-05,0.82,1e-05,5.592237949371338,18.1832275390625,7.214141368865967,1e-05,1e-05,1e-05,3.084871530532837,1e-05,1e-05,1e-05,17.348190307617188,1e-05,1e-05,16.71114158630371,16.662437438964844
349.0,831.0,75.0,1e-05,1e-05,1.0,0.10301655530929565,0.5734527111053467,0.32300424575805664,1e-05,0.014394909143447876,1e-05,1e-05,1e-05,1e-05,1e-05,1e-05,0.10367128252983093,1e-05,1e-05,0.4706650376319885,0.14567509293556213
620.0,843.0,75.0,1e-05,1e-05,1.0,0.10301655530929565,0.5734527111053467,0.32300424575805664,1e-05,0.014394909143447876,1e-05,1e-05,1e-05,1e-05,1e-05,1e-05,0.10367128252983093,1e-05,1e-05,0.4706650376319885,0.14567509293556213
676.0,702.0,75.0,1e-05,1e-05,1.0,0.10301655530929565,0.5734527111053467,0.32300424575805664,1e-05,0.014394909143447876,1e-05,1e-05,1e-05,1e-05,1e-05,1e-05,0.10367128252983093,1e-05,1e-05,0.4706650376319885,0.14567509293556213
344.0,524.0,75.0,1e-05,1e-05,1.0,0.10301655530929565,0.5734527111053467,0.32300424575805664,1e-05,0.014394909143447876,1e-05,1e-05,1e-05,1e-05,1e-05,1e-05,0.10367128252983093,1e-05,1e-05,0.4706650376319885,0.14567509293556213
1412.0,695.0,75.0,1e-05,0.15,0.85,1e-05,1e-05,2.627345561981201,1e-05,1e-05,1e-05,1e-05,7.420114994049072,1e-05,1e-05,16.2718563079834,7.307356357574463,1e-05,1e-05,3.3249282836914062,11.894109725952148
372.0,939.0,75.0,1e-05,1e-05,1.0,0.10301655530929565,0.5734527111053467,0.32300424575805664,1e-05,0.014394909143447876,1e-05,1e-05,1e-05,1e-05,1e-05,1e-05,0.10367128252983093,1e-05,1e-05,0.4706650376319885,0.14567509293556213
1324.0,1440.0,75.0,0.24,1e-05,0.76,1e-05,6.999785423278809,8.257694244384766,1e-05,1e-05,1e-05,1e-05,15.498802185058594,1e-05,1e-05,21.482446670532227,4.458305835723877,1e-05,1e-05,5.875648021697998,18.162492752075195
1325.0,656.0,75.0,1e-05,1e-05,1.0,0.10301655530929565,0.5734527111053467,0.32300424575805664,1e-05,0.014394909143447876,1e-05,1e-05,1e-05,1e-05,1e-05,1e-05,0.10367128252983093,1e-05,1e-05,0.4706650376319885,0.14567509293556213
848.0,1144.0,75.0,1e-05,0.72,0.28,1e-05,1e-05,1.271180510520935,0.0907239019870758,1e-05,0.8068402409553528,1e-05,0.4804622530937195,1e-05,1e-05,11.066420555114746,15.922987937927246,1e-05,1e-05,1.124129056930542,20.725845336914062
927.0,1546.0,75.0,1e-05,0.61,0.39,1e-05,1e-05,4.765915870666504,15.233927726745605,1e-05,6.572640895843506,1e-05,1e-05,1e-05,3.43200945854187,7.87730598449707,27.3419132232666,1e-05,1e-05,0.06931112706661224,23.497289657592773
366.0,1237.0,75.0,1e-05,0.18,0.82,1e-05,1e-05,1e-05,0.4617375433444977,1e-05,1e-05,1e-05,3.550443649291992,1e-05,1e-05,14.80561351776123,5.533809185028076,1e-05,1e-05,1e-05,7.518879413604736
1803.0,1087.0,75.0,1e-05,0.26,0.74,1e-05,1e-05,1e-05,9.69906997680664,1e-05,5.8395209312438965,1e-05,1e-05,1e-05,0.9967709183692932,8.819804191589355,7.990522861480713,1e-05,1e-05,1e-05,8.985918998718262
1322.0,1059.0,75.0,1e-05,0.32,0.68,1e-05,1e-05,5.381163120269775,3.0563721656799316,1e-05,0.15012772381305695,1e-05,2.064946413040161,1e-05,1e-05,3.5920233726501465,14.836609840393066,1e-05,1e-05,4.1976752281188965,15.922632217407227
912.0,1629.0,75.0,1e-05,0.94,0.06,1e-05,1e-05,4.130379676818848,3.4069743156433105,1e-05,1.860373854637146,1e-05,1e-05,1e-05,1e-05,14.695014953613281,30.25956153869629,1e-05,1e-05,3.7526209354400635,31.249330520629883
579.0,160.0,75.0,1e-05,1e-05,1.0,0.10301655530929565,0.5734527111053467,0.32300424575805664,1e-05,0.014394909143447876,1e-05,1e-05,1e-05,1e-05,1e-05,1e-05,0.10367128252983093,1e-05,1e-05,0.4706650376319885,0.14567509293556213
445.0,1517.0,75.0,0.19,0.01,0.8,12.392350196838379,29.479690551757812,3.745859384536743,1.2811962366104126,1e-05,1e-05,1e-05,14.957523345947266,1e-05,0.6445276141166687,24.573793411254883,1e-05,1e-05,1e-05,12.52361011505127,13.9064359664917
1481.0,1243.0,75.0,1e-05,1e-05,1.0,0.10301655530929565,0.5734527111053467,0.32300424575805664,1e-05,0.014394909143447876,1e-05,1e-05,1e-05,1e-05,1e-05,1e-05,0.10367128252983093,1e-05,1e-05,0.4706650376319885,0.14567509293556213
262.0,646.0,75.0,1e-05,1e-05,1.0,0.10301655530929565,0.5734527111053467,0.32300424575805664,1e-05,0.014394909143447876,1e-05,1e-05,1e-05,1e-05,1e-05,1e-05,0.10367128252983093,1e-05,1e-05,0.4706650376319885,0.14567509293556213
753.0,616.0,75.0,1e-05,1e-05,1.0,0.0949016660451889,0.5449118614196777,0.3107132315635681,1e-05,0.02295053005218506,1e-05,1e-05,1e-05,1e-05,1e-05,1e-05,0.10001234710216522,1e-05,1e-05,0.449038028717041,0.1407240927219391
874.0,1924.0,75.0,1e-05,1e-05,1.0,0.10301655530929565,0.5734527111053467,0.32300424575805664,1e-05,0.014394909143447876,1e-05,1e-05,1e-05,1e-05,1e-05,1e-05,0.10367128252983093,1e-05,1e-05,0.4706650376319885,0.14567509293556213
1269.0,756.0,75.0,1e-05,1e-05,1.0,0.10301655530929565,0.5734527111053467,0.32300424575805664,1e-05,0.014394909143447876,1e-05,1e-05,1e-05,1e-05,1e-05,1e-05,0.10367128252983093,1e-05,1e-05,0.4706650376319885,0.14567509293556213
1293.0,96.0,75.0,1e-05,0.61,0.39,1e-05,1e-05,7.17045259475708,1e-05,1e-05,1e-05,1e-05,11.703372955322266,1e-05,1e-05,36.763023376464844,31.699892044067383,1e-05,1e-05,12.261313438415527,36.309513092041016
1266.0,154.0,75.0,1e-05,0.23,0.77,1e-05,1e-05,4.839186668395996,1e-05,1e-05,1e-05,1e-05,11.18190860748291,1e-05,1e-05,22.033348083496094,12.46802043914795,1e-05,1e-05,6.896556854248047,19.23234748840332
1768.0,1696.0,75.0,1e-05,0.3,0.7,1e-05,1e-05,2.7805986404418945,1e-05,1e-05,1e-05,1e-05,6.736270904541016,1e-05,1e-05,17.883867263793945,11.409858703613281,1e-05,1e-05,4.945121765136719,15.492650032043457
1313.0,1860.0,75.0,0.58,0.01,0.41,11.153158187866211,52.53267288208008,22.073453903198242,1e-05,1e-05,1e-05,1e-05,33.063209533691406,1e-05,2.9238152503967285,45.89478302001953,1e-05,1e-05,1e-05,28.10661506652832,37.92966079711914
1031.0,1053.0,75.0,1e-05,0.38,0.62,1e-05,1e-05,1e-05,0.9436548948287964,1e-05,1.2279871702194214,1e-05,1e-05,1e-05,1e-05,6.904257774353027,7.86388635635376,1e-05,1e-05,1e-05,10.417939186096191
886.0,433.0,75.0,1e-05,0.62,0.38,1e-05,1e-05,7.823505878448486,1e-05,1e-05,1e-05,1e-05,12.362135887145996,1e-05,1e-05,37.61810302734375,33.058780670166016,1e-05,1e-05,13.180407524108887,37.97245788574219
309.0,566.0,75.0,1e-05,1e-05,1.0,0.10301655530929565,0.5734527111053467,0.32300424575805664,1e-05,0.014394909143447876,1e-05,1e-05,1e-05,1e-05,1e-05,1e-05,0.10367128252983093,1e-05,1e-05,0.4706650376319885,0.14567509293556213
353.0,208.0,75.0,1e-05,1e-05,1.0,0.10301655530929565,0.5734527111053467,0.32300424575805664,1e-05,0.014394909143447876,1e-05,1e-05,1e-05,1e-05,1e-05,1e-05,0.10367128252983093,1e-05,1e-05,0.4706650376319885,0.14567509293556213
363.0,687.0,75.0,1e-05,1e-05,1.0,0.10301655530929565,0.5734527111053467,0.32300424575805664,1e-05,0.014394909143447876,1e-05,1e-05,1e-05,1e-05,1e-05,1e-05,0.10367128252983093,1e-05,1e-05,0.4706650376319885,0.14567509293556213
627.0,1952.0,75.0,1e-05,1e-05,1.0,0.09823612868785858,1.1019525527954102,0.9603167772293091,0.14242398738861084,1e-05,1e-05,1e-05,0.022076431661844254,1e-05,1e-05,1e-05,0.5001274347305298,1e-05,1e-05,1.1426584720611572,0.6230180859565735
1495.0,1377.0,75.0,1e-05,1e-05,1.0,0.10301655530929565,0.5734527111053467,0.32300424575805664,1e-05,0.014394909143447876,1e-05,1e-05,1e-05,1e-05,1e-05,1e-05,0.10367128252983093,1e-05,1e-05,0.4706650376319885,0.14567509293556213
174.0,1162.0,75.0,1e-05,1e-05,1.0,0.10301655530929565,0.5734527111053467,0.32300424575805664,1e-05,0.014394909143447876,1e-05,1e-05,1e-05,1e-05,1e-05,1e-05,0.10367128252983093,1e-05,1e-05,0.4706650376319885,0.14567509293556213
800.0,776.0,75.0,1e-05,1e-05,1.0,0.10301655530929565,0.5734527111053467,0.32300424575805664,1e-05,0.014394909143447876,1e-05,1e-05,1e-05,1e-05,1e-05,1e-05,0.10367128252983093,1e-05,1e-05,0.4706650376319885,0.14567509293556213
597.0,1006.0,75.0,1e-05,1e-05,1.0,0.10301655530929565,0.5734527111053467,0.32300424575805664,1e-05,0.014394909143447876,1e-05,1e-05,1e-05,1e-05,1e-05,1e-05,0.10367128252983093,1e-05,1e-05,0.4706650376319885,0.14567509293556213
1103.0,804.0,75.0,1e-05,1e-05,1.0,0.09870406985282898,0.5546737313270569,0.3163488805294037,1e-05,0.019775092601776123,1e-05,1e-05,1e-05,1e-05,1e-05,1e-05,0.10263807326555252,1e-05,1e-05,0.4586561918258667,0.1418539434671402
224.0,1777.0,75.0,1e-05,1e-05,1.0,0.10301655530929565,0.5734527111053467,0.32300424575805664,1e-05,0.014394909143447876,1e-05,1e-05,1e-05,1e-05,1e-05,1e-05,0.10367128252983093,1e-05,1e-05,0.4706650376319885,0.14567509293556213
1519.0,1633.0,75.0,0.24,1e-05,0.76,1e-05,9.782730102539062,22.750465393066406,7.156261920928955,1e-05,1e-05,1e-05,4.4391889572143555,1e-05,1e-05,1e-05,20.062105178833008,1e-05,1e-05,21.291410446166992,20.652233123779297
626.0,1932.0,75.0,1e-05,1e-05,1.0,3.456949234008789,7.533875465393066,1.8173320293426514,0.2830314338207245,1e-05,1e-05,1e-05,1.7939748764038086,1e-05,1e-05,2.9949755668640137,1e-05,1e-05,1e-05,4.747657775878906,2.679321527481079
663.0,1201.0,75.0,1e-05,0.93,0.07,1e-05,1e-05,3.9815621376037598,0.14388123154640198,1e-05,0.31552252173423767,1e-05,1.9549678564071655,1e-05,1e-05,12.943766593933105,24.839435577392578,1e-05,1e-05,4.391016006469727,30.316932678222656
1660.0,1194.0,75.0,1e-05,0.03,0.97,1e-05,0.3357272446155548,2.4712917804718018,1e-05,1e-05,1e-05,1e-05,4.4177141189575195,1e-05,1e-05,6.6480865478515625,3.646496057510376,1e-05,1e-05,2.912221908569336,6.50187349319458
409.0,1276.0,75.0,0.06,0.54,0.4,1e-05,1e-05,3.35953426361084,1e-05,1e-05,1e-05,1e-05,8.536588668823242,1e-05,1e-05,27.621749877929688,19.307409286499023,1e-05,1e-05,6.862525939941406,24.661252975463867
1751.0,430.0,75.0,1e-05,1e-05,1.0,0.10301655530929565,0.5734527111053467,0.32300424575805664,1e-05,0.014394909143447876,1e-05,1e-05,1e-05,1e-05,1e-05,1e-05,0.10367128252983093,1e-05,1e-05,0.4706650376319885,0.14567509293556213
239.0,507.0,75.0,1e-05,1e-05,1.0,0.10301655530929565,0.5734527111053467,0.32300424575805664,1e-05,0.014394909143447876,1e-05,1e-05,1e-05,1e-05,1e-05,1e-05,0.10367128252983093,1e-05,1e-05,0.4706650376319885,0.14567509293556213
1490.0,1581.0,75.0,0.25,1e-05,0.75,1e-05,8.566267013549805,22.625045776367188,6.7223219871521,1e-05,1e-05,1e-05,5.23457670211792,1e-05,1e-05,1e-05,19.913692474365234,1e-05,1e-05,20.910470962524414,21.550546646118164
499.0,244.0,75.0,1e-05,1e-05,1.0,0.10301655530929565,0.5734527111053467,0.32300424575805664,1e-05,0.014394909143447876,1e-05,1e-05,1e-05,1e-05,1e-05,1e-05,0.10367128252983093,1e-05,1e-05,0.4706650376319885,0.14567509293556213
1383.0,1212.0,75.0,1e-05,1e-05,1.0,0.10301655530929565,0.5734527111053467,0.32300424575805664,1e-05,0.014394909143447876,1e-05,1e-05,1e-05,1e-05,1e-05,1e-05,0.10367128252983093,1e-05,1e-05,0.4706650376319885,0.14567509293556213
1630.0,116.0,75.0,1e-05,1e-05,1.0,0.10301655530929565,0.5734527111053467,0.32300424575805664,1e-05,0.014394909143447876,1e-05,1e-05,1e-05,1e-05,1e-05,1e-05,0.10367128252983093,1e-05,1e-05,0.4706650376319885,0.14567509293556213
374.0,1069.0,75.0,1e-05,1e-05,1.0,0.10301655530929565,0.5734527111053467,0.32300424575805664,1e-05,0.014394909143447876,1e-05,1e-05,1e-05,1e-05,1e-05,1e-05,0.10367128252983093,1e-05,1e-05,0.4706650376319885,0.14567509293556213
921.0,1068.0,75.0,1e-05,0.27,0.73,1e-05,1e-05,1e-05,6.207540512084961,1e-05,3.395514488220215,1e-05,0.7629582285881042,1e-05,1e-05,18.956907272338867,7.895300388336182,1e-05,1e-05,1e-05,9.89560317993164
437.0,219.0,75.0,1e-05,1e-05,1.0,0.10301655530929565,0.5734527111053467,0.32300424575805664,1e-05,0.014394909143447876,1e-05,1e-05,1e-05,1e-05,1e-05,1e-05,0.10367128252983093,1e-05,1e-05,0.4706650376319885,0.14567509293556213
1265.0,1645.0,75.0,0.98,1e-05,0.02,8.025901794433594,55.074195861816406,42.671627044677734,1e-05,1e-05,1e-05,1e-05,42.79094696044922,1e-05,2.8661558628082275,41.537044525146484,5.84605073928833,1e-05,1e-05,43.60950469970703,59.83943176269531
105.0,940.0,75.0,1e-05,1e-05,1.0,0.10301655530929565,0.5734527111053467,0.32300424575805664,1e-05,0.014394909143447876,1e-05,1e-05,1e-05,1e-05,1e-05,1e-05,0.10367128252983093,1e-05,1e-05,0.4706650376319885,0.14567509293556213
1363.0,1228.0,75.0,1e-05,1e-05,1.0,0.10301655530929565,0.5734527111053467,0.32300424575805664,1e-05,0.014394909143447876,1e-05,1e-05,1e-05,1e-05,1e-05,1e-05,0.10367128252983093,1e-05,1e-05,0.4706650376319885,0.14567509293556213
1645.0,1307.0,75.0,1e-05,1e-05,1.0,1e-05,0.7344406247138977,0.24145135283470154,0.12578731775283813,1e-05,1e-05,1e-05,0.7084845900535583,1e-05,1e-05,2.4516336917877197,0.48774221539497375,1e-05,1e-05,0.0349644273519516,1.120948314666748
851.0,862.0,75.0,1e-05,1e-05,1.0,0.10301655530929565,0.5734527111053467,0.32300424575805664,1e-05,0.014394909143447876,1e-05,1e-05,1e-05,1e-05,1e-05,1e-05,0.10367128252983093,1e-05,1e-05,0.4706650376319885,0.14567509293556213
1282.0,508.0,75.0,1e-05,0.06,0.94,1e-05,1e-05,3.090792179107666,3.830195665359497,1e-05,0.8524531722068787,1e-05,1e-05,1e-05,0.43470942974090576,0.09776972234249115,5.200724124908447,1e-05,0.25531455874443054,1.5897554159164429,4.129055500030518
1599.0,1758.0,75.0,0.18,1e-05,0.82,1e-05,6.393820762634277,18.751426696777344,7.555822372436523,1e-05,1e-05,1e-05,2.790712833404541,1e-05,1e-05,1e-05,17.703426361083984,1e-05,1e-05,17.364784240722656,16.63357162475586
1438.0,396.0,75.0,1e-05,0.66,0.34,1e-05,1e-05,6.504495143890381,3.321794033050537,1e-05,0.5835526585578918,1e-05,0.9962672591209412,1e-05,1.480643630027771,24.4003849029541,37.823219299316406,1e-05,1e-05,9.320947647094727,30.91571807861328
1380.0,1741.0,75.0,1.0,1e-05,1e-05,4.917473793029785,47.187225341796875,46.06405258178711,1e-05,1e-05,1e-05,1e-05,41.99689865112305,1e-05,1.4110225439071655,36.69237518310547,10.689297676086426,1e-05,1e-05,44.296546936035156,61.54902648925781
1148.0,843.0,75.0,1e-05,1e-05,1.0,0.10142701864242554,0.5547817945480347,0.31582877039909363,1e-05,0.01863040030002594,1e-05,1e-05,1e-05,1e-05,1e-05,1e-05,0.1027163416147232,1e-05,1e-05,0.4597245454788208,0.1386677771806717
1382.0,637.0,75.0,1e-05,1e-05,1.0,0.10301655530929565,0.5734527111053467,0.32300424575805664,1e-05,0.014394909143447876,1e-05,1e-05,1e-05,1e-05,1e-05,1e-05,0.10367128252983093,1e-05,1e-05,0.4706650376319885,0.14567509293556213
