x,y,r,f1,f2,f3,f4,f5,f6,f7,f8,f9,f10,f11,f12,f13,f14,f15,f16
689,423,75,0.059413895,0.33073384,0.18628988,0.0,0.008302138,0.0,0.0,0.0,0.0,0.0,0.0,0.059791505,0.0,0.0,0.27145195,0.08401684
1395,976,75,0.0,0.0,0.089793384,0.03840431,0.0,0.0032847289,0.0,0.042766504,0.0,0.0,0.09212061,0.30567905,0.0,0.0,0.082796335,0.3451551
1241,856,75,0.0,0.0,0.0,0.09834273,0.0,0.040534373,0.0,0.055030774,0.0,0.0,0.45020488,0.15043673,0.0,0.0,0.0,0.20545049
1244,380,75,0.03745732,0.0,0.09855795,0.25656337,0.003712872,0.094717376,0.0,0.0,0.0,0.10742552,0.03169183,0.17406495,0.0,0.0,0.035588488,0.16022037
650,218,75,0.059413895,0.33073384,0.18628988,0.0,0.008302138,0.0,0.0,0.0,0.0,0.0,0.0,0.059791505,0.0,0.0,0.27145195,0.08401684
1656,1894,75,0.0,0.0,0.02252524,0.0,0.0,0.0,0.0,0.036783617,0.0,0.0,0.25018084,0.27766988,0.0,0.0,0.03990303,0.3729374
1475,2036,75,0.0,0.0,0.10746751,0.04445049,0.0,0.0,0.0,0.05643003,0.0,0.0,0.08585792,0.2865001,0.0,0.0,0.09943994,0.31985405
831,1699,75,0.0,0.0,0.08164685,0.007832144,0.0,0.0,0.0,0.048070434,0.0,0.0,0.1731983,0.29809585,0.0,0.0,0.10840441,0.2827521
1661,733,75,0.0,0.0,0.07052807,0.23810247,0.0,0.10735214,0.0,0.0,0.0,0.082382746,0.057054564,0.23753303,0.0,0.0,0.0,0.20704699
1604,1129,75,0.0047343746,0.18972439,0.18755102,0.0,0.0,0.0,0.0,0.09732878,0.0,0.0,0.07252098,0.050855823,0.0,0.0,0.18548234,0.21180236
383,1964,75,0.059413895,0.33073384,0.18628988,0.0,0.008302138,0.0,0.0,0.0,0.0,0.0,0.0,0.059791505,0.0,0.0,0.27145195,0.08401684
858,1767,75,0.0,0.0,0.11626289,0.024101999,0.0,0.0,0.0,0.08261913,0.0,0.0,0.12956126,0.25644213,0.0,0.0,0.13750273,0.25350988
162,79,75,0.059413895,0.33073384,0.18628988,0.0,0.008302138,0.0,0.0,0.0,0.0,0.0,0.0,0.059791505,0.0,0.0,0.27145195,0.08401684
1299,335,75,0.0,0.006314612,0.07541776,0.0,0.0,0.0,0.0,0.1667671,0.0,0.0,0.2889448,0.13532545,0.0,0.0,0.08701068,0.2402195
331,435,75,0.059413895,0.33073384,0.18628988,0.0,0.008302138,0.0,0.0,0.0,0.0,0.0,0.0,0.059791505,0.0,0.0,0.27145195,0.08401684
488,1256,75,0.0,0.0,0.054849498,0.0,0.0,0.0,0.0,0.08933831,0.0,0.0,0.23681793,0.2270409,0.0,0.0,0.08867387,0.30327958
1248,99,75,0.0,0.0,0.055748366,0.0,0.0,0.0,0.0,0.13020025,0.0,0.0,0.29127693,0.17836185,0.0,0.0,0.08809108,0.25632155
1854,104,75,0.059413895,0.33073384,0.18628988,0.0,0.008302138,0.0,0.0,0.0,0.0,0.0,0.0,0.059791505,0.0,0.0,0.27145195,0.08401684
638,1150,75,0.0,0.0,0.0,0.02980236,0.0,0.040124446,0.0,0.0045354455,0.0,0.0,0.33402312,0.26641732,0.0,0.0,0.0,0.32509723
377,442,75,0.059413895,0.33073384,0.18628988,0.0,0.008302138,0.0,0.0,0.0,0.0,0.0,0.0,0.059791505,0.0,0.0,0.27145195,0.08401684
490,1053,75,0.059413895,0.33073384,0.18628988,0.0,0.008302138,0.0,0.0,0.0,0.0,0.0,0.0,0.059791505,0.0,0.0,0.27145195,0.08401684
1278,1864,75,0.06298852,0.2342745,0.1086144,0.0058251144,0.0,0.0,0.0,0.11429352,0.0,0.010980132,0.15988356,0.0076305717,0.0,0.0,0.14855334,0.14695631
1133,1482,75,0.0,0.0056302925,0.15479678,0.016352404,0.0,0.0,0.0,0.09729973,0.0,0.0,0.11414593,0.20921308,0.0,0.0,0.16578478,0.23677698
1656,995,75,0.0,0.0,0.04700562,0.0,0.0,0.0,0.0,0.05777215,0.0,0.0,0.27419314,0.27218264,0.0,0.0,0.08143692,0.2674095
717,1512,75,0.0,0.0,0.08408404,0.00853072,0.0,0.0,0.0,0.05010427,0.0,0.002954787,0.17597507,0.29375958,0.0,0.0,0.1122952,0.27229625
1716,710,75,0.059413895,0.33073384,0.18628988,0.0,0.008302138,0.0,0.0,0.0,0.0,0.0,0.0,0.059791505,0.0,0.0,0.27145195,0.08401684
1760,1772,75,0.0,0.0,0.032276057,0.0,0.0,0.0,0.0,0.06307599,0.0,0.0,0.27469197,0.2529624,0.0,0.0,0.06724559,0.309748
341,1930,75,0.059413895,0.33073384,0.18628988,0.0,0.008302138,0.0,0.0,0.0,0.0,0.0,0.0,0.059791505,0.0,0.0,0.27145195,0.08401684
434,1403,75,0.043221723,0.2277682,0.08405762,0.0,0.0,0.0,0.0,0.14632647,0.0,0.013635832,0.22119787,0.0,0.0,0.0,0.10701719,0.15677506
831,738,75,0.059413895,0.33073384,0.18628988,0.0,0.008302138,0.0,0.0,0.0,0.0,0.0,0.0,0.059791505,0.0,0.0,0.27145195,0.08401684
183,1901,75,0.059413895,0.33073384,0.18628988,0.0,0.008302138,0.0,0.0,0.0,0.0,0.0,0.0,0.059791505,0.0,0.0,0.27145195,0.08401684
175,234,75,0.059413895,0.33073384,0.18628988,0.0,0.008302138,0.0,0.0,0.0,0.0,0.0,0.0,0.059791505,0.0,0.0,0.27145195,0.08401684
674,297,75,0.059413895,0.33073384,0.18628988,0.0,0.008302138,0.0,0.0,0.0,0.0,0.0,0.0,0.059791505,0.0,0.0,0.27145195,0.08401684
1487,1920,75,0.10883407,0.31200963,0.13330151,0.005958051,0.0,0.0,0.0,0.02113885,0.0,0.0,0.051854677,0.010889785,0.0,0.0,0.24920471,0.10680868
1730,739,75,0.059413895,0.33073384,0.18628988,0.0,0.008302138,0.0,0.0,0.0,0.0,0.0,0.0,0.059791505,0.0,0.0,0.27145195,0.08401684
1589,775,75,0.0,0.0,0.047205444,0.092643745,0.0,0.04362109,0.0,0.0,0.0,0.0,0.12788965,0.3457845,0.0,0.0,0.01973677,0.32311884
635,1146,75,0.0,0.0,0.0,0.045006014,0.0,0.049966928,0.0,0.0036376459,0.0,0.0,0.3494767,0.25530785,0.0,0.0,0.0,0.29660487
1697,968,75,0.0,0.0,0.047747623,0.16357905,0.0,0.07052375,0.0,0.0,0.0,0.03944325,0.110952124,0.31040132,0.0,0.0,0.0,0.25735283
694,470,75,0.059413895,0.33073384,0.18628988,0.0,0.008302138,0.0,0.0,0.0,0.0,0.0,0.0,0.059791505,0.0,0.0,0.27145195,0.08401684
1126,1546,75,0.0,0.21614453,0.058282703,0.0,0.0,0.0,0.0,0.18427266,0.0,0.016000101,0.3240558,0.0,0.0,0.0,0.03531046,0.16593376
654,171,75,0.059413895,0.33073384,0.18628988,0.0,0.008302138,0.0,0.0,0.0,0.0,0.0,0.0,0.059791505,0.0,0.0,0.27145195,0.08401684
1148,515,75,0.0,0.0,0.1027994,0.057814546,0.0,0.0025099495,0.0,0.03470388,0.0,0.0,0.07911426,0.31112507,0.0,0.0,0.086943366,0.32498953
193,1885,75,0.059413895,0.33073384,0.18628988,0.0,0.008302138,0.0,0.0,0.0,0.0,0.0,0.0,0.059791505,0.0,0.0,0.27145195,0.08401684
1601,1278,75,0.059413895,0.33073384,0.18628988,0.0,0.008302138,0.0,0.0,0.0,0.0,0.0,0.0,0.059791505,0.0,0.0,0.27145195,0.08401684
1463,80,75,0.04427345,0.038151365,0.12133652,0.24201104,0.0015677961,0.07105489,0.0,0.0,0.0,0.08667063,0.009211699,0.17109004,0.0,0.0,0.07570693,0.13892572
157,1699,75,0.059413895,0.33073384,0.18628988,0.0,0.008302138,0.0,0.0,0.0,0.0,0.0,0.0,0.059791505,0.0,0.0,0.27145195,0.08401684
94,2039,75,0.059413895,0.33073384,0.18628988,0.0,0.008302138,0.0,0.0,0.0,0.0,0.0,0.0,0.059791505,0.0,0.0,0.27145195,0.08401684
1172,550,75,0.0,0.0,0.13741823,0.08928674,0.0,0.0,0.0,0.031673595,0.0,0.0,0.059535615,0.30387458,0.0,0.0,0.10992997,0.26828134
1579,1723,75,0.0,0.058875035,0.21450055,0.083762944,0.0,0.0,0.0,0.039283086,0.0,0.0,0.0,0.2060263,0.0,0.0,0.1960099,0.20154214
700,1618,75,0.0,0.024739437,0.11150018,0.0,0.0,0.0,0.0,0.16621335,0.0,0.0,0.22376265,0.123532444,0.0,0.0,0.11255706,0.23769492
527,735,75,0.059413895,0.33073384,0.18628988,0.0,0.008302138,0.0,0.0,0.0,0.0,0.0,0.0,0.059791505,0.0,0.0,0.27145195,0.08401684
474,1421,75,0.035327327,0.2117709,0.11221499,0.0,0.0,0.0,0.0,0.14529634,0.0,0.0127667375,0.18057595,0.0,0.0,0.0,0.12394887,0.1780989
337,492,75,0.059413895,0.33073384,0.18628988,0.0,0.008302138,0.0,0.0,0.0,0.0,0.0,0.0,0.059791505,0.0,0.0,0.27145195,0.08401684
205,235,75,0.059413895,0.33073384,0.18628988,0.0,0.008302138,0.0,0.0,0.0,0.0,0.0,0.0,0.059791505,0.0,0.0,0.27145195,0.08401684
1796,202,75,0.059413895,0.33073384,0.18628988,0.0,0.008302138,0.0,0.0,0.0,0.0,0.0,0.0,0.059791505,0.0,0.0,0.27145195,0.08401684
471,498,75,0.059413895,0.33073384,0.18628988,0.0,0.008302138,0.0,0.0,0.0,0.0,0.0,0.0,0.059791505,0.0,0.0,0.27145195,0.08401684
210,341,75,0.059413895,0.33073384,0.18628988,0.0,0.008302138,0.0,0.0,0.0,0.0,0.0,0.0,0.059791505,0.0,0.0,0.27145195,0.08401684
1371,661,75,0.059413895,0.33073384,0.18628988,0.0,0.008302138,0.0,0.0,0.0,0.0,0.0,0.0,0.059791505,0.0,0.0,0.27145195,0.08401684
709,1447,75,0.0,0.0,0.06324761,0.009403751,0.0,0.0,0.0,0.026530523,0.0,0.0,0.16572753,0.32243687,0.0,0.0,0.083131135,0.32952264
143,194,75,0.059413895,0.33073384,0.18628988,0.0,0.008302138,0.0,0.0,0.0,0.0,0.0,0.0,0.059791505,0.0,0.0,0.27145195,0.08401684
841,186,75,0.0,0.0,0.058661193,0.0071659107,0.0,0.0,0.0,0.024318937,0.0,0.0,0.17074694,0.32377446,0.0,0.0,0.07858047,0.3367521
593,392,75,0.059413895,0.33073384,0.18628988,0.0,0.008302138,0.0,0.0,0.0,0.0,0.0,0.0,0.059791505,0.0,0.0,0.27145195,0.08401684
1425,860,75,0.0,0.0,0.050853074,0.0,0.0,0.0,0.0,0.035127133,0.0,0.0,0.17368397,0.30386356,0.0,0.0,0.06537071,0.37110156
1610,270,75,0.06188401,0.33523193,0.18544938,0.0,0.00697995,0.0,0.0,0.0,0.0,0.0,0.0,0.05490103,0.0,0.0,0.2727825,0.08277121
1600,962,75,0.0,0.0,0.071589336,0.0,0.0,0.0,0.0,0.10046448,0.0,0.0,0.23560238,0.22094135,0.0,0.0,0.111038856,0.26036355
1258,142,75,0.0,0.0,0.05505477,0.0,0.0,0.0,0.0,0.1365125,0.0,0.0,0.30066618,0.17062965,0.0,0.0,0.08347568,0.25366116
268,472,75,0.059413895,0.33073384,0.18628988,0.0,0.008302138,0.0,0.0,0.0,0.0,0.0,0.0,0.059791505,0.0,0.0,0.27145195,0.08401684
1000,2019,75,0.0,0.038164265,0.107491605,0.0,0.0,0.0,0.0,0.14534578,0.0,0.0,0.22239056,0.12910928,0.0,0.0,0.12251668,0.23498186
400,1956,75,0.059413895,0.33073384,0.18628988,0.0,0.008302138,0.0,0.0,0.0,0.0,0.0,0.0,0.059791505,0.0,0.0,0.27145195,0.08401684
501,1915,75,0.059413895,0.33073384,0.18628988,0.0,0.008302138,0.0,0.0,0.0,0.0,0.0,0.0,0.059791505,0.0,0.0,0.27145195,0.08401684
620,1873,75,0.13530469,0.27168456,0.034369346,0.014614773,0.0,0.0,0.0,0.108537555,0.0,0.0,0.18386525,0.0,0.0,0.0,0.139339,0.112284854
1617,659,75,0.0,0.0,0.043467633,0.23033193,0.0,0.11614765,0.0,0.0,0.0,0.06278184,0.09382651,0.2377972,0.0,0.0,0.0,0.21564727
1021,553,75,0.0,0.0,0.09059676,0.033492997,0.0,0.0006676034,0.0,0.041928835,0.0,0.0,0.09707884,0.3074796,0.0,0.0,0.09316488,0.33559045
1476,1078,75,0.059339717,0.32931727,0.18587038,0.0,0.014894938,0.0,0.0,0.0,0.0,0.0,0.0,0.058872864,0.0,0.0,0.2707402,0.080964655
1262,1428,75,0.0,0.07356261,0.12831104,0.0,0.0,0.0,0.0,0.15147053,0.0,0.0,0.20229328,0.11392492,0.0,0.0,0.11227362,0.21816404
921,521,75,0.0,0.0,0.052818604,0.0,0.0,0.0,0.0,0.10784303,0.0,0.0,0.28008923,0.20375894,0.0,0.0,0.09185461,0.26363564
1711,1250,75,0.0,0.0,0.05312913,0.0,0.0,0.0,0.0,0.13265294,0.0,0.0,0.3035084,0.1743917,0.0,0.0,0.08237254,0.25394526
1122,353,75,0.0,0.0,0.04577194,0.096101835,0.0,0.046326064,0.0,0.0,0.0,0.0,0.12776054,0.34349507,0.0,0.0,0.01601669,0.32452786
448,2034,75,0.059413895,0.33073384,0.18628988,0.0,0.008302138,0.0,0.0,0.0,0.0,0.0,0.0,0.059791505,0.0,0.0,0.27145195,0.08401684
1540,1851,75,0.006774687,0.16836801,0.20281515,0.004154191,0.0,0.0,0.0,0.08692912,0.0,0.0,0.039534893,0.085040204,0.0,0.0,0.19927126,0.2071125
1312,1958,75,0.15551233,0.28257135,0.020233465,0.03133321,0.0,0.0,0.0,0.09249841,0.0,0.0,0.18121296,0.0,0.0,0.0,0.14317678,0.09346155
229,1060,75,0.059413895,0.33073384,0.18628988,0.0,0.008302138,0.0,0.0,0.0,0.0,0.0,0.0,0.059791505,0.0,0.0,0.27145195,0.08401684
1358,330,75,0.0,0.0,0.05228549,0.0,0.0,0.0,0.0,0.10525854,0.0,0.0,0.27910596,0.20655893,0.0,0.0,0.09160427,0.26518688
708,1980,75,0.059413895,0.33073384,0.18628988,0.0,0.008302138,0.0,0.0,0.0,0.0,0.0,0.0,0.059791505,0.0,0.0,0.27145195,0.08401684
1693,1616,75,0.059413895,0.33073384,0.18628988,0.0,0.008302138,0.0,0.0,0.0,0.0,0.0,0.0,0.059791505,0.0,0.0,0.27145195,0.08401684
356,1900,75,0.059413895,0.33073384,0.18628988,0.0,0.008302138,0.0,0.0,0.0,0.0,0.0,0.0,0.059791505,0.0,0.0,0.27145195,0.08401684
114,1748,75,0.059413895,0.33073384,0.18628988,0.0,0.008302138,0.0,0.0,0.0,0.0,0.0,0.0,0.059791505,0.0,0.0,0.27145195,0.08401684
986,1131,75,0.0,0.0,0.05391485,0.029266924,0.0,0.018290909,0.0,0.012312772,0.0,0.0,0.13652748,0.32199088,0.0,0.0,0.039312992,0.38838327
1734,1962,75,0.0,0.0,0.17442988,0.15576023,0.0,0.018624296,0.0,0.014109203,0.0,0.009405044,0.021365201,0.273408,0.0,0.0,0.12432016,0.20857795
405,985,75,0.059413895,0.33073384,0.18628988,0.0,0.008302138,0.0,0.0,0.0,0.0,0.0,0.0,0.059791505,0.0,0.0,0.27145195,0.08401684
298,1619,75,0.059413895,0.33073384,0.18628988,0.0,0.008302138,0.0,0.0,0.0,0.0,0.0,0.0,0.059791505,0.0,0.0,0.27145195,0.08401684
284,2023,75,0.059413895,0.33073384,0.18628988,0.0,0.008302138,0.0,0.0,0.0,0.0,0.0,0.0,0.059791505,0.0,0.0,0.27145195,0.08401684
1741,563,75,0.059413895,0.33073384,0.18628988,0.0,0.008302138,0.0,0.0,0.0,0.0,0.0,0.0,0.059791505,0.0,0.0,0.27145195,0.08401684
1341,1803,75,0.031005321,0.1903006,0.13583629,0.0,0.0,0.0,0.0,0.14109924,0.0,0.010240179,0.14013952,0.013941175,0.0,0.0,0.14274734,0.19469033
95,384,75,0.059413895,0.33073384,0.18628988,0.0,0.008302138,0.0,0.0,0.0,0.0,0.0,0.0,0.059791505,0.0,0.0,0.27145195,0.08401684
278,956,75,0.059413895,0.33073384,0.18628988,0.0,0.008302138,0.0,0.0,0.0,0.0,0.0,0.0,0.059791505,0.0,0.0,0.27145195,0.08401684
1561,1056,75,0.02701535,0.29113528,0.19679241,0.0,0.0,0.0,0.0,0.016848195,0.0,0.0,0.023261907,0.038680103,0.0,0.0,0.25082934,0.15543744
1677,310,75,0.059413895,0.33073384,0.18628988,0.0,0.008302138,0.0,0.0,0.0,0.0,0.0,0.0,0.059791505,0.0,0.0,0.27145195,0.08401684
1354,1740,75,0.019968793,0.16658299,0.15210569,0.0,0.0,0.0,0.0,0.14212418,0.0,0.0065350397,0.1267629,0.031154692,0.0,0.0,0.1489971,0.20576856
896,1901,75,0.058650713,0.32910845,0.18616405,0.0,0.013338741,0.0,0.0,0.0,0.0,0.0,0.0,0.058221277,0.0,0.0,0.27070385,0.08381292
1154,751,75,0.062204737,0.3337235,0.18464735,0.0,0.01017128,0.0,0.0,0.0,0.0,0.0,0.0,0.05583697,0.0,0.0,0.27180853,0.08160765
89,104,75,0.059413895,0.33073384,0.18628988,0.0,0.008302138,0.0,0.0,0.0,0.0,0.0,0.0,0.059791505,0.0,0.0,0.27145195,0.08401684
302,1423,75,0.059413895,0.33073384,0.18628988,0.0,0.008302138,0.0,0.0,0.0,0.0,0.0,0.0,0.059791505,0.0,0.0,0.27145195,0.08401684
293,1873,75,0.059413895,0.33073384,0.18628988,0.0,0.008302138,0.0,0.0,0.0,0.0,0.0,0.0,0.059791505,0.0,0.0,0.27145195,0.08401684
842,929,75,0.059413895,0.33073384,0.18628988,0.0,0.008302138,0.0,0.0,0.0,0.0,0.0,0.0,0.059791505,0.0,0.0,0.27145195,0.08401684
383,1966,75,0.059413895,0.33073384,0.18628988,0.0,0.008302138,0.0,0.0,0.0,0.0,0.0,0.0,0.059791505,0.0,0.0,0.27145195,0.08401684
309,323,75,0.059413895,0.33073384,0.18628988,0.0,0.008302138,0.0,0.0,0.0,0.0,0.0,0.0,0.059791505,0.0,0.0,0.27145195,0.08401684
603,1525,75,0.0,0.123687424,0.15891927,0.0,0.0,0.0,0.0,0.15285394,0.0,0.0031918383,0.13939318,0.06271399,0.0,0.0,0.14392543,0.21531495
450,456,75,0.059413895,0.33073384,0.18628988,0.0,0.008302138,0.0,0.0,0.0,0.0,0.0,0.0,0.059791505,0.0,0.0,0.27145195,0.08401684
191,1543,75,0.059413895,0.33073384,0.18628988,0.0,0.008302138,0.0,0.0,0.0,0.0,0.0,0.0,0.059791505,0.0,0.0,0.27145195,0.08401684
1514,1229,75,0.059413895,0.33073384,0.18628988,0.0,0.008302138,0.0,0.0,0.0,0.0,0.0,0.0,0.059791505,0.0,0.0,0.27145195,0.08401684
1588,1660,75,0.0,0.0,0.21203502,0.08506868,0.0,0.0,0.0,0.06963537,0.0,0.0,0.002242224,0.20827585,0.0,0.0,0.17692517,0.24581774
1367,1420,75,0.0,8.723458e-05,0.15396981,0.0,0.0,0.0,0.0,0.13537546,0.0,0.0,0.12197602,0.17271878,0.0,0.0,0.161321,0.2545518
912,580,75,0.0,0.0,0.07413812,0.0,0.0,0.0,0.0,0.14932528,0.0,0.0,0.25951988,0.16244832,0.0,0.0,0.10341414,0.2511542
1874,1489,75,0.0,0.0,0.088234514,0.20520516,0.0,0.070109144,0.0,0.0,0.0,0.05840022,0.045672305,0.28594074,0.0,0.0012604675,0.015480796,0.22969668
181,1534,75,0.059413895,0.33073384,0.18628988,0.0,0.008302138,0.0,0.0,0.0,0.0,0.0,0.0,0.059791505,0.0,0.0,0.27145195,0.08401684
394,1022,75,0.059413895,0.33073384,0.18628988,0.0,0.008302138,0.0,0.0,0.0,0.0,0.0,0.0,0.059791505,0.0,0.0,0.27145195,0.08401684
1348,910,75,0.0,0.0,0.06624762,0.010477423,0.0,0.0026877185,0.0,0.035563234,0.0,0.0,0.13562477,0.3089888,0.0,0.0,0.07232657,0.3680838
601,479,75,0.059413895,0.33073384,0.18628988,0.0,0.008302138,0.0,0.0,0.0,0.0,0.0,0.0,0.059791505,0.0,0.0,0.27145195,0.08401684
892,1170,75,0.0,0.0,0.053117476,0.005160262,0.0,0.004794097,0.0,0.024882562,0.0,0.0,0.15731661,0.31553203,0.0,0.0,0.057091087,0.38210595
256,178,75,0.059413895,0.33073384,0.18628988,0.0,0.008302138,0.0,0.0,0.0,0.0,0.0,0.0,0.059791505,0.0,0.0,0.27145195,0.08401684
559,1267,75,0.0,0.0,0.08447505,0.0013755572,0.0,0.0,0.0,0.061315905,0.0,0.0,0.1745784,0.28165197,0.0,0.0,0.11276517,0.283838
1210,813,75,0.0,0.20777483,0.18200323,0.0,0.07090851,0.0,0.0,0.022580761,0.0,0.0,0.10024693,0.07343342,0.0,0.019208744,0.17454076,0.1493028
1240,799,75,0.0,0.09689327,0.08223003,0.0,0.0,0.0,0.0,0.08287168,0.0,0.0,0.32795623,0.130821,0.0,0.0,0.07682169,0.20240605
1328,1458,75,0.0,0.0688318,0.11258775,0.0,0.0,0.0,0.0,0.1871728,0.0,0.0,0.24100104,0.07171307,0.0,0.0,0.0878222,0.23087138
1370,938,75,0.0,0.0,0.07643977,0.019111462,0.0,0.0,0.0,0.030948564,0.0,0.0,0.13511364,0.31847715,0.0,0.0,0.09136247,0.328547
954,1561,75,0.0,0.0,0.024393272,0.173511,0.0,0.092795976,0.0,0.0,0.0,0.023947023,0.12880576,0.2899064,0.0,0.0,0.0,0.2666405
248,370,75,0.059413895,0.33073384,0.18628988,0.0,0.008302138,0.0,0.0,0.0,0.0,0.0,0.0,0.059791505,0.0,0.0,0.27145195,0.08401684
696,436,75,0.059413895,0.33073384,0.18628988,0.0,0.008302138,0.0,0.0,0.0,0.0,0.0,0.0,0.059791505,0.0,0.0,0.27145195,0.08401684
1642,374,75,0.059413895,0.33073384,0.18628988,0.0,0.008302138,0.0,0.0,0.0,0.0,0.0,0.0,0.059791505,0.0,0.0,0.27145195,0.08401684
281,1570,75,0.059413895,0.33073384,0.18628988,0.0,0.008302138,0.0,0.0,0.0,0.0,0.0,0.0,0.059791505,0.0,0.0,0.27145195,0.08401684
1610,1304,75,0.059413895,0.33073384,0.18628988,0.0,0.008302138,0.0,0.0,0.0,0.0,0.0,0.0,0.059791505,0.0,0.0,0.27145195,0.08401684
824,1383,75,0.0,0.0,0.05701191,0.011716488,0.0,0.0045770756,0.0,0.019430282,0.0,0.0,0.15351962,0.3263564,0.0,0.0,0.06490096,0.36248735
110,1317,75,0.059413895,0.33073384,0.18628988,0.0,0.008302138,0.0,0.0,0.0,0.0,0.0,0.0,0.059791505,0.0,0.0,0.27145195,0.08401684
1424,638,75,0.0,0.0,0.05067995,0.0,0.0,0.0,0.0,0.14095256,0.0,0.0,0.32410124,0.16335212,0.0,0.0,0.07268017,0.24823394
1604,972,75,0.0,0.0,0.06520435,0.0,0.0,0.0,0.0,0.10560118,0.0,0.0,0.252884,0.21169524,0.0,0.0,0.104919486,0.25969577
444,795,75,0.059413895,0.33073384,0.18628988,0.0,0.008302138,0.0,0.0,0.0,0.0,0.0,0.0,0.059791505,0.0,0.0,0.27145195,0.08401684
1804,1352,75,0.0,0.0,0.04262107,0.06617961,0.0,0.035949063,0.0,0.0,0.0,0.0,0.15231015,0.34207997,0.0,0.0,0.028787635,0.33207253
681,1572,75,0.0,0.017315228,0.11167777,0.0,0.0,0.0,0.0,0.16189414,0.0,0.0,0.21641827,0.13538475,0.0,0.0,0.11828917,0.2390207
1715,1741,75,0.0,0.0064173117,0.033475146,0.0,0.0,0.0,0.0,0.1483322,0.0,0.0,0.38996837,0.14653179,0.0,0.0,0.037192427,0.23808278
1104,297,75,0.0,0.0,0.034618262,0.11324531,0.0,0.06011562,0.0,0.0,0.0,8.643694e-05,0.14122385,0.33350644,0.0,0.0,0.0,0.31720412
971,1132,75,0.0,0.0,0.050062552,0.014053051,0.0,0.01186967,0.0,0.017123787,0.0,0.0,0.15324877,0.31749818,0.0,0.0,0.045286562,0.39085737
1252,1658,75,0.034510944,0.20277254,0.12259126,0.0,0.0,0.0,0.0,0.14399289,0.0,0.012249825,0.1616594,0.0041263336,0.0,0.0,0.13222757,0.18586929
1678,1235,75,0.0,0.0007260492,0.07554202,0.0,0.0,0.0,0.0,0.16088259,0.0,0.0,0.28116354,0.14480956,0.0,0.0,0.09440239,0.24247393
131,313,75,0.059413895,0.33073384,0.18628988,0.0,0.008302138,0.0,0.0,0.0,0.0,0.0,0.0,0.059791505,0.0,0.0,0.27145195,0.08401684
513,241,75,0.059413895,0.33073384,0.18628988,0.0,0.008302138,0.0,0.0,0.0,0.0,0.0,0.0,0.059791505,0.0,0.0,0.27145195,0.08401684
709,911,75,0.059413895,0.33073384,0.18628988,0.0,0.008302138,0.0,0.0,0.0,0.0,0.0,0.0,0.059791505,0.0,0.0,0.27145195,0.08401684
677,816,75,0.059413895,0.33073384,0.18628988,0.0,0.008302138,0.0,0.0,0.0,0.0,0.0,0.0,0.059791505,0.0,0.0,0.27145195,0.08401684
307,850,75,0.059413895,0.33073384,0.18628988,0.0,0.008302138,0.0,0.0,0.0,0.0,0.0,0.0,0.059791505,0.0,0.0,0.27145195,0.08401684
463,417,75,0.059413895,0.33073384,0.18628988,0.0,0.008302138,0.0,0.0,0.0,0.0,0.0,0.0,0.059791505,0.0,0.0,0.27145195,0.08401684
338,1211,75,0.0,0.124342136,0.034505073,0.050112538,0.0,0.0064261784,0.0,0.08661217,0.0,0.0,0.4084132,0.09498872,0.0,0.0,0.0042880643,0.19031197
494,455,75,0.059413895,0.33073384,0.18628988,0.0,0.008302138,0.0,0.0,0.0,0.0,0.0,0.0,0.059791505,0.0,0.0,0.27145195,0.08401684
1430,793,75,0.0,0.0,0.016679872,0.0,0.0,0.0,0.0,0.04433062,0.0,0.0,0.2812358,0.26771095,0.0,0.0,0.04010819,0.34993464
459,690,75,0.059413895,0.33073384,0.18628988,0.0,0.008302138,0.0,0.0,0.0,0.0,0.0,0.0,0.059791505,0.0,0.0,0.27145195,0.08401684
376,1476,75,0.12838162,0.28493768,0.06750749,0.003479327,0.0,0.0,0.0,0.08705901,0.0,0.0,0.1344097,0.0,0.0,0.0,0.1760549,0.11817022
627,1422,75,0.0,0.0,0.09509038,0.0,0.0,0.0,0.0,0.1251385,0.0,0.0,0.2170124,0.19918755,0.0,0.0,0.12683022,0.23674089
244,1124,75,0.059413895,0.33073384,0.18628988,0.0,0.008302138,0.0,0.0,0.0,0.0,0.0,0.0,0.059791505,0.0,0.0,0.27145195,0.08401684
1630,1344,75,0.0,0.03222416,0.03899966,0.0,0.0,0.0,0.0,0.13388589,0.0,0.0,0.39390957,0.138602,0.0,0.0,0.035752237,0.22662653
630,1469,75,0.0,0.009752205,0.107562415,0.0,0.0,0.0,0.0,0.15737918,0.0,0.0,0.21667083,0.1485098,0.0,0.0,0.121229775,0.23889577
1473,792,75,0.0,0.0,0.04015729,0.0,0.0,0.0,0.0,0.036263324,0.0,0.0,0.20167007,0.29479954,0.0,0.0,0.05922286,0.3678869
1052,1738,75,0.0,0.0,0.035133008,0.1344071,0.0,0.06604666,0.0,0.0,0.0,0.019543348,0.13848253,0.3214508,0.0,0.0,0.0,0.2849366
1085,1507,75,0.0,0.25477275,0.13882443,0.0,0.0,0.0,0.0,0.0928745,0.0,0.0,0.22076532,0.009801022,0.0,0.0,0.13006423,0.15289773
1079,457,75,0.0,0.0,0.05701191,0.011716488,0.0,0.0045770756,0.0,0.019430282,0.0,0.0,0.15351962,0.3263564,0.0,0.0,0.06490096,0.36248735
1566,384,75,0.10712685,0.06542404,0.033679496,0.25400656,0.0,0.117234915,0.0,0.0,0.0,0.07966041,0.08017743,0.10945069,0.0,0.0,0.03653373,0.11670595
1024,1623,75,0.0,0.0,0.013651774,0.22027032,0.0,0.12755586,0.0,0.0,0.0,0.038009964,0.13938694,0.23065045,0.0,0.0,0.0,0.2304747
157,1058,75,0.059413895,0.33073384,0.18628988,0.0,0.008302138,0.0,0.0,0.0,0.0,0.0,0.0,0.059791505,0.0,0.0,0.27145195,0.08401684
740,363,75,0.010082368,0.21558166,0.19762868,0.0,0.0,0.0,0.0,0.06713209,0.0,0.0,0.045579754,0.054864887,0.0,0.0,0.21069126,0.19843931
1020,1552,75,0.019169806,0.0,0.009092052,0.26564065,0.0,0.14531237,0.0,0.0,0.0,0.061093792,0.14890093,0.15717568,0.0,0.0,0.0,0.19361474
797,1613,75,0.0,0.0,0.0629276,0.008603135,0.0,0.0,0.0,0.026997013,0.0,0.0,0.16846608,0.32176238,0.0,0.0,0.083422735,0.32782105
1116,570,75,0.0,0.0,0.12740056,0.06800188,0.0,0.0,0.0,0.04448871,0.0,0.0,0.07330163,0.2931864,0.0,0.0,0.112922065,0.28069872
667,317,75,0.059413895,0.33073384,0.18628988,0.0,0.008302138,0.0,0.0,0.0,0.0,0.0,0.0,0.059791505,0.0,0.0,0.27145195,0.08401684
1872,1273,75,0.0,0.0,0.10586756,0.22427318,0.0,0.072917655,0.0,0.0,0.0,0.06471405,0.02250282,0.26337034,0.0,0.006615987,0.028874673,0.2108637
1341,443,75,0.0,0.014285084,0.093877114,0.0,0.0,0.0,0.0,0.16326669,0.0,0.0,0.24316685,0.13507265,0.0,0.0,0.1103521,0.23997954
491,1019,75,0.059413895,0.33073384,0.18628988,0.0,0.008302138,0.0,0.0,0.0,0.0,0.0,0.0,0.059791505,0.0,0.0,0.27145195,0.08401684
733,1701,75,0.0,0.037058447,0.115668915,0.0,0.0,0.0,0.0,0.17184603,0.0,0.0,0.22349046,0.10867017,0.0,0.0,0.1082692,0.23499677
1822,1433,75,0.0,0.0,0.07164307,0.07042303,0.0,0.01421983,0.0,0.0,0.0,0.019988203,0.12804346,0.35491964,0.0,0.0,0.071612865,0.26914993
1381,501,75,0.0,0.0017977412,0.0723269,0.0,0.0,0.0,0.0,0.16480555,0.0,0.0,0.29356477,0.14079207,0.0,0.0,0.08587127,0.24084169
1515,635,75,0.0,0.0,0.042989556,0.012998493,0.0,0.0070894994,0.0,0.009245044,0.0,0.0,0.20588906,0.3305414,0.0,0.0,0.06341611,0.32783082
1441,1362,75,0.059413895,0.33073384,0.18628988,0.0,0.008302138,0.0,0.0,0.0,0.0,0.0,0.0,0.059791505,0.0,0.0,0.27145195,0.08401684
443,907,75,0.059413895,0.33073384,0.18628988,0.0,0.008302138,0.0,0.0,0.0,0.0,0.0,0.0,0.059791505,0.0,0.0,0.27145195,0.08401684
747,1027,75,0.059413895,0.33073384,0.18628988,0.0,0.008302138,0.0,0.0,0.0,0.0,0.0,0.0,0.059791505,0.0,0.0,0.27145195,0.08401684
1512,1547,75,0.0,0.0020487448,0.21271297,0.034525424,0.0,0.0,0.0,0.1099773,0.0,0.0,0.028220452,0.1773655,0.0,0.0,0.1732773,0.26187235
1296,336,75,0.0,0.009307148,0.07656005,0.0,0.0,0.0,0.0,0.1674852,0.0,0.0,0.2878249,0.13219096,0.0,0.0,0.087188736,0.23944296
1347,405,75,0.0,0.0,0.07768227,0.0,0.0,0.0,0.0,0.15386327,0.0,0.0,0.25571233,0.15772918,0.0,0.0,0.10547149,0.24954155
847,505,75,0.0,0.0,0.092233494,0.0,0.0,0.0,0.0,0.15773018,0.0,0.0,0.23384038,0.153706,0.0,0.0,0.1177029,0.2447871
1053,348,75,0.0,0.0,0.05675942,0.012528464,0.0,0.0049040536,0.0,0.017985022,0.0,0.0,0.15389311,0.32798564,0.0,0.0,0.064580224,0.36136404
451,1762,75,0.054621663,0.33034775,0.18675214,0.0,0.013351764,0.0,0.0,0.0,0.0,0.0,0.0,0.053343747,0.0,0.0,0.26930863,0.09227435
242,1090,75,0.059413895,0.33073384,0.18628988,0.0,0.008302138,0.0,0.0,0.0,0.0,0.0,0.0,0.059791505,0.0,0.0,0.27145195,0.08401684
875,463,75,0.0,0.0,0.06083079,0.0,0.0,0.0,0.0,0.121144064,0.0,0.0,0.26667103,0.19086076,0.0,0.0,0.09893191,0.26156148
1265,826,75,0.0,0.06825402,0.0,0.105297,0.0,0.03147362,0.0,0.08560997,0.0,0.0,0.44777232,0.085609995,0.0,0.0,0.0,0.17598312
1199,1209,75,0.0,0.0,0.18190978,0.15585427,0.0,0.017663136,0.0,0.013554199,0.0,0.008592555,0.015284237,0.26629838,0.0,0.0,0.13425004,0.20659332
1326,1600,75,0.016680492,0.1600631,0.1562532,0.0,0.0,0.0,0.0,0.14245707,0.0,0.004786309,0.12446367,0.03625901,0.0,0.0,0.15025768,0.20877956
1235,1123,75,0.0,0.0,0.11144732,0.061532084,0.0,0.0011394984,0.0,0.042939562,0.0,0.0,0.07488822,0.30119956,0.0,0.0,0.090632424,0.3162214
443,1606,75,0.06522727,0.24381754,0.13463463,0.0,0.0,0.0,0.0,0.09191722,0.0,0.0,0.09818754,0.013807573,0.0,0.0,0.18831924,0.16408902
798,361,75,0.0,0.0,0.075723454,0.0,0.0,0.0,0.0,0.156536,0.0,0.0,0.2656344,0.15373714,0.0,0.0,0.09979298,0.24857599
1463,1548,75,0.0,0.08401547,0.21645771,0.04805365,0.0,0.0,0.0,0.06369665,0.0,0.0,0.0,0.17454007,0.0,0.0,0.19792773,0.21530873
1715,2041,75,0.059413895,0.33073384,0.18628988,0.0,0.008302138,0.0,0.0,0.0,0.0,0.0,0.0,0.059791505,0.0,0.0,0.27145195,0.08401684
1336,1088,75,0.0,0.0,0.15117629,0.13100703,0.0,0.010078935,0.0,0.020520551,0.0,0.0,0.040384725,0.30426767,0.0,0.0,0.10221424,0.24035057
1747,819,75,0.028972972,0.1812861,0.20242508,0.09218733,0.031347197,0.0,0.0,0.0,0.0,0.0,0.0,0.124289766,0.0,0.004002498,0.22406343,0.11142567
405,184,75,0.059413895,0.33073384,0.18628988,0.0,0.008302138,0.0,0.0,0.0,0.0,0.0,0.0,0.059791505,0.0,0.0,0.27145195,0.08401684
1220,337,75,0.0,0.0,0.10422167,0.23377997,0.0,0.08437498,0.0,0.0,0.0,0.0721284,0.025664855,0.24815145,0.0,0.006571076,0.0132525265,0.21185511
1509,1561,75,0.0,0.014501979,0.21875282,0.054743987,0.0,0.0,0.0,0.084508546,0.0,0.0,0.0026288817,0.18792893,0.0,0.0,0.18657756,0.25035733
1653,726,75,0.0,0.0,0.06580557,0.23817787,0.0,0.10908746,0.0,0.0,0.0,0.08131415,0.062774315,0.23685814,0.0,0.0,0.0,0.2059825
1791,472,75,0.0,0.011232338,0.077775575,0.0,0.0,0.0,0.0,0.16506796,0.0,0.0,0.28411037,0.13338862,0.0,0.0,0.09071035,0.23771472
1332,1165,75,0.0,0.076351814,0.223979,0.10497936,0.0,0.0,0.0,0.012964495,0.0,0.0,0.0,0.19242805,0.0,0.0,0.20228454,0.1870128
86,312,75,0.059413895,0.33073384,0.18628988,0.0,0.008302138,0.0,0.0,0.0,0.0,0.0,0.0,0.059791505,0.0,0.0,0.27145195,0.08401684
1202,2026,75,0.0,0.0,0.04406663,0.042045835,0.0,0.02384519,0.0,0.0,0.0,0.0,0.1652648,0.3382937,0.0,0.0,0.037280414,0.34920347
235,1383,75,0.059413895,0.33073384,0.18628988,0.0,0.008302138,0.0,0.0,0.0,0.0,0.0,0.0,0.059791505,0.0,0.0,0.27145195,0.08401684
777,1329,75,0.0,0.0,0.05701191,0.011716488,0.0,0.0045770756,0.0,0.019430282,0.0,0.0,0.15351962,0.3263564,0.0,0.0,0.06490096,0.36248735
1391,379,75,0.0,0.0,0.05676994,0.0,0.0,0.0,0.0,0.08715495,0.0,0.0,0.265421,0.23365626,0.0,0.0,0.09391398,0.26308388
379,1285,75,0.0,0.0,0.04088582,0.0,0.0,0.0,0.0,0.14855534,0.0,0.0,0.36593342,0.1509413,0.0,0.0,0.0528718,0.24081238
544,908,75,0.059413895,0.33073384,0.18628988,0.0,0.008302138,0.0,0.0,0.0,0.0,0.0,0.0,0.059791505,0.0,0.0,0.27145195,0.08401684
912,247,75,0.0,0.0,0.05749182,0.01169168,0.0,0.003854549,0.0,0.019949922,0.0,0.0,0.15511791,0.32632637,0.0,0.0,0.06712526,0.35844246
456,2039,75,0.059413895,0.33073384,0.18628988,0.0,0.008302138,0.0,0.0,0.0,0.0,0.0,0.0,0.059791505,0.0,0.0,0.27145195,0.08401684
1558,2043,75,0.0,0.0,0.15357322,0.10690903,0.0,0.0,0.0,0.030539956,0.0,0.0,0.051054716,0.2964922,0.0,0.0,0.12083487,0.24059612
1734,325,75,0.059413895,0.33073384,0.18628988,0.0,0.008302138,0.0,0.0,0.0,0.0,0.0,0.0,0.059791505,0.0,0.0,0.27145195,0.08401684
193,683,75,0.059413895,0.33073384,0.18628988,0.0,0.008302138,0.0,0.0,0.0,0.0,0.0,0.0,0.059791505,0.0,0.0,0.27145195,0.08401684
896,804,75,0.059413895,0.33073384,0.18628988,0.0,0.008302138,0.0,0.0,0.0,0.0,0.0,0.0,0.059791505,0.0,0.0,0.27145195,0.08401684
1528,316,75,0.008686965,0.0,0.07310937,0.254144,0.0,0.116188444,0.0,0.0,0.0,0.10993641,0.061429713,0.19412442,0.0,0.0,0.0,0.18238065
226,1318,75,0.059413895,0.33073384,0.18628988,0.0,0.008302138,0.0,0.0,0.0,0.0,0.0,0.0,0.059791505,0.0,0.0,0.27145195,0.08401684
1463,432,75,0.0,0.0,0.047506597,0.08200627,0.0,0.028976973,0.0,0.0,0.0,0.018200483,0.16270636,0.34951,0.0,0.0,0.042739395,0.26835385
1851,448,75,0.0,0.0,0.044794377,0.0,0.0,0.0,0.0,0.0976574,0.0,0.0,0.29185912,0.21366614,0.0,0.0,0.083606124,0.26841688
1421,413,75,0.0,0.0,0.05813209,0.0,0.0,0.0,0.0,0.06381286,0.0,0.0,0.24961449,0.2681063,0.0,0.0,0.091372885,0.26896134
1438,1546,75,0.0,0.0952212,0.2190973,0.021327497,0.0,0.0,0.0,0.090464935,0.0,0.0,0.008539302,0.141307,0.0,0.0,0.19412562,0.2299172
583,1713,75,0.06961597,0.24649866,0.05605056,5.343054e-05,0.0,0.0,0.0,0.14359158,0.0,0.014026031,0.2301373,0.0,0.0,0.0,0.101418644,0.13860784
871,114,75,0.0,0.0,0.05701191,0.011716488,0.0,0.0045770756,0.0,0.019430282,0.0,0.0,0.15351962,0.3263564,0.0,0.0,0.06490096,0.36248735
916,470,75,0.0,0.0,0.058424562,0.0,0.0,0.0,0.0,0.08173117,0.0,0.0,0.25321463,0.24146849,0.0,0.0,0.09522119,0.26994005
824,1961,75,0.059413895,0.33073384,0.18628988,0.0,0.008302138,0.0,0.0,0.0,0.0,0.0,0.0,0.059791505,0.0,0.0,0.27145195,0.08401684
1760,747,75,0.059413895,0.33073384,0.18628988,0.0,0.008302138,0.0,0.0,0.0,0.0,0.0,0.0,0.059791505,0.0,0.0,0.27145195,0.08401684
1162,642,75,0.0,0.16029894,0.22256152,0.043149818,0.04602387,0.0,0.0,0.0,0.0,0.0,0.0,0.12949249,0.0,0.025042431,0.2105821,0.1628488
1128,1596,75,0.008368154,0.22126418,0.07385513,0.0,0.0,0.0,0.0,0.16795349,0.0,0.016723296,0.27983415,0.0,0.0,0.0,0.06982166,0.16217999
982,1347,75,0.0,0.0,0.12672958,0.17333892,0.0,0.032587837,0.0,0.0,0.0,0.016613549,0.033141367,0.30695185,0.0,0.0072197854,0.05106878,0.2523484
572,570,75,0.059413895,0.33073384,0.18628988,0.0,0.008302138,0.0,0.0,0.0,0.0,0.0,0.0,0.059791505,0.0,0.0,0.27145195,0.08401684
824,280,75,0.0,0.0,0.056777354,0.0,0.0,0.0,0.0,0.08965531,0.0,0.0,0.26138029,0.22959727,0.0,0.0,0.09490356,0.26768625
1764,904,75,0.02971656,0.019321837,0.11708052,0.23672868,0.022558082,0.08059056,0.0,0.0,0.0,0.080641404,0.021275915,0.17157839,0.0,0.0,0.061004747,0.15950331
674,899,75,0.059413895,0.33073384,0.18628988,0.0,0.008302138,0.0,0.0,0.0,0.0,0.0,0.0,0.059791505,0.0,0.0,0.27145195,0.08401684
1039,1676,75,0.0,0.0,0.02864365,0.19233476,0.0,0.09993985,0.0,0.0,0.0,0.032342896,0.11472628,0.27694818,0.0,0.0,0.0,0.25506443
116,347,75,0.059413895,0.33073384,0.18628988,0.0,0.008302138,0.0,0.0,0.0,0.0,0.0,0.0,0.059791505,0.0,0.0,0.27145195,0.08401684
447,2022,75,0.059413895,0.33073384,0.18628988,0.0,0.008302138,0.0,0.0,0.0,0.0,0.0,0.0,0.059791505,0.0,0.0,0.27145195,0.08401684
747,158,75,0.0,0.0,0.056448568,0.0,0.0,0.0,0.0,0.10707209,0.0,0.0,0.27116138,0.20614316,0.0,0.0,0.09574747,0.26342735
967,1140,75,0.0,0.0,0.052239526,0.015160235,0.0,0.011304213,0.0,0.017726459,0.0,0.0,0.14961936,0.31888583,0.0,0.0,0.04811299,0.38695136
1492,373,75,0.0,0.0,0.04224876,0.21460906,0.0,0.10702583,0.0,0.0,0.0,0.050558444,0.09030942,0.2590398,0.0,0.0,0.0,0.2362086
682,1191,75,0.0,0.0,0.042296726,0.0,0.0,0.001960997,0.0,0.023104351,0.0,0.0,0.18259816,0.31182563,0.0,0.0,0.050716095,0.38749808
1678,1046,75,0.0,0.0,0.061837062,0.0,0.0,0.0,0.0,0.059290286,0.0,0.0,0.24013345,0.27621484,0.0,0.0,0.093863174,0.26866114
1668,1857,75,0.0,0.0,0.0,0.0,0.0,0.007404241,0.0,0.04692374,0.0,0.0,0.38596958,0.24471147,0.0,0.0,0.0,0.31499094
1013,1316,75,0.0,0.0,0.13863578,0.1438351,0.0,0.017822148,0.0,0.014371558,0.0,0.0,0.035259124,0.30949607,0.0,0.0,0.075184755,0.2653954
474,289,75,0.059413895,0.33073384,0.18628988,0.0,0.008302138,0.0,0.0,0.0,0.0,0.0,0.0,0.059791505,0.0,0.0,0.27145195,0.08401684
261,1047,75,0.059413895,0.33073384,0.18628988,0.0,0.008302138,0.0,0.0,0.0,0.0,0.0,0.0,0.059791505,0.0,0.0,0.27145195,0.08401684
1589,787,75,0.0,0.0,0.046200596,0.08120241,0.0,0.040097784,0.0,0.0,0.0,0.0,0.13484283,0.3457682,0.0,0.0,0.02412239,0.32776573
733,1861,75,0.057991613,0.2610144,0.16307056,0.0,0.0,0.0,0.0,0.0614766,0.0,0.0,0.057665538,0.018959243,0.0,0.0,0.22234833,0.1574737
1077,987,75,0.0,0.0,0.0,0.06780126,0.0,0.023654282,0.0,0.06618961,0.0,0.0,0.45399576,0.16938427,0.0,0.0,0.0,0.21897478
1748,1944,75,0.0,0.0,0.1630339,0.15438178,0.0,0.0179933,0.0,0.014300162,0.0,0.008237167,0.029883554,0.28496546,0.0,0.0,0.11077341,0.21643133
1666,166,75,0.059413895,0.33073384,0.18628988,0.0,0.008302138,0.0,0.0,0.0,0.0,0.0,0.0,0.059791505,0.0,0.0,0.27145195,0.08401684
1050,847,75,0.057029035,0.33120453,0.1862126,0.0,0.01090451,0.0,0.0,0.0,0.0,0.0,0.0,0.05704024,0.0,0.0,0.2699889,0.087620184
937,295,75,0.0,0.0,0.05701191,0.011716488,0.0,0.0045770756,0.0,0.019430282,0.0,0.0,0.15351962,0.3263564,0.0,0.0,0.06490096,0.36248735
381,953,75,0.059413895,0.33073384,0.18628988,0.0,0.008302138,0.0,0.0,0.0,0.0,0.0,0.0,0.059791505,0.0,0.0,0.27145195,0.08401684
344,1335,75,0.0,0.018142033,0.07537542,0.0,0.0,0.0,0.0,0.16930972,0.0,0.0,0.29941893,0.12450327,0.0,0.0,0.079137795,0.23411274
1236,1116,75,0.0,0.0,0.10513816,0.05615384,0.0,0.002630337,0.0,0.043407742,0.0,0.0,0.07788351,0.30142465,0.0,0.0,0.08638108,0.32698068
1722,173,75,0.059413895,0.33073384,0.18628988,0.0,0.008302138,0.0,0.0,0.0,0.0,0.0,0.0,0.059791505,0.0,0.0,0.27145195,0.08401684
1548,770,75,0.0,0.0,0.056749836,0.016307885,0.0,0.0069176797,0.0,0.014742642,0.0,0.0,0.15194525,0.3304461,0.0,0.0,0.062278736,0.3606118
389,1690,75,0.053207543,0.33005235,0.18427156,0.0,0.022942312,0.0,0.0,0.0,0.0,0.0,0.0,0.048701387,0.0,0.0,0.2660758,0.09474906
1163,1609,75,0.036617022,0.23497851,0.06519013,0.0,0.0,0.0,0.0,0.1561267,0.0,0.017621111,0.25640634,0.0,0.0,0.0,0.0832164,0.1498438
94,958,75,0.059413895,0.33073384,0.18628988,0.0,0.008302138,0.0,0.0,0.0,0.0,0.0,0.0,0.059791505,0.0,0.0,0.27145195,0.08401684
413,1852,75,0.059413895,0.33073384,0.18628988,0.0,0.008302138,0.0,0.0,0.0,0.0,0.0,0.0,0.059791505,0.0,0.0,0.27145195,0.08401684
530,1134,75,0.07994668,0.21427824,0.0,0.14664204,0.0,0.07496463,0.0,0.057058495,0.0,0.0,0.31269035,0.0023043286,0.0,0.0,0.032345776,0.07976943
789,1964,75,0.059413895,0.33073384,0.18628988,0.0,0.008302138,0.0,0.0,0.0,0.0,0.0,0.0,0.059791505,0.0,0.0,0.27145195,0.08401684
1076,590,75,0.0,0.0,0.12913032,0.06605896,0.0,0.0,0.0,0.04910092,0.0,0.0,0.073867984,0.28654686,0.0,0.0,0.11637889,0.2789161
1825,1320,75,0.0,0.0,0.06242227,0.16688196,0.0,0.067075886,0.0,0.0,0.0,0.037745997,0.075428486,0.3137479,0.0,0.0,0.0073918914,0.2693056
387,1632,75,0.06678081,0.34333268,0.18123947,0.0,0.0040700505,0.0,0.0,0.0,0.0,0.0,0.0,0.046961114,0.0,0.0,0.2727593,0.08485661
1154,297,75,0.0,0.0,0.030330602,0.21633705,0.0,0.11578157,0.0,0.0,0.0,0.044979207,0.10904985,0.24810119,0.0,0.0,0.0,0.23542053
826,1679,75,0.0,0.0,0.06975293,0.008666916,0.0,0.0,0.0,0.03341286,0.0,0.0,0.17569855,0.31483355,0.0,0.0,0.09378136,0.30385384
616,1201,75,0.0,0.0,0.036257766,0.0,0.0,0.002533439,0.0,0.022609508,0.0,0.0,0.19505253,0.30732867,0.0,0.0,0.04476759,0.39145052
1182,1352,75,0.058421113,0.3309356,0.18615673,0.0,0.010278436,0.0,0.0,0.0,0.0,0.0,0.0,0.05779773,0.0,0.0,0.27080488,0.08560551
1022,851,75,0.057978272,0.33476308,0.18555498,0.0,0.0076835263,0.0,0.0,0.0,0.0,0.0,0.0,0.05441987,0.0,0.0,0.2705568,0.08904338
637,242,75,0.059413895,0.33073384,0.18628988,0.0,0.008302138,0.0,0.0,0.0,0.0,0.0,0.0,0.059791505,0.0,0.0,0.27145195,0.08401684
1495,410,75,0.0,0.0,0.046590347,0.19349392,0.0,0.08852835,0.0,0.0,0.0,0.0464414,0.09285691,0.28551555,0.0,0.0,0.0,0.2465735
525,141,75,0.059413895,0.33073384,0.18628988,0.0,0.008302138,0.0,0.0,0.0,0.0,0.0,0.0,0.059791505,0.0,0.0,0.27145195,0.08401684
1265,1018,75,0.0,0.0,0.06520311,0.050884936,0.0,0.018606823,0.0,0.0,0.0,0.0,0.118145645,0.3441245,0.0,0.0,0.05101892,0.35201612
1013,1633,75,0.0,0.0,0.018239934,0.19391978,0.0,0.10775191,0.0,0.0,0.0,0.026456947,0.12982701,0.2679739,0.0,0.0,0.0,0.25583047
981,1041,75,0.0,0.0,0.0,0.14706138,0.0,0.07724333,0.0,0.01940894,0.0,0.0,0.41449982,0.14337307,0.0,0.0,0.0,0.19841348
773,1116,75,0.0,0.0,0.0,0.09098325,0.0,0.07451081,0.0,0.0,0.0,0.0,0.31994158,0.24152873,0.0,0.0,0.0,0.27303556
1094,1830,75,0.0,0.0,0.045030784,0.02145399,0.0,0.012066436,0.0,0.0029736191,0.0,0.0,0.1803265,0.3355117,0.0,0.0,0.051704988,0.350932
843,829,75,0.059413895,0.33073384,0.18628988,0.0,0.008302138,0.0,0.0,0.0,0.0,0.0,0.0,0.059791505,0.0,0.0,0.27145195,0.08401684
625,573,75,0.059413895,0.33073384,0.18628988,0.0,0.008302138,0.0,0.0,0.0,0.0,0.0,0.0,0.059791505,0.0,0.0,0.27145195,0.08401684
1228,285,75,0.0,0.0,0.13685851,0.23406465,0.015035646,0.0633176,0.0,0.0,0.0,0.073385075,0.007511385,0.21581268,0.0,0.017851843,0.05418499,0.18197754
1689,1004,75,0.0,0.0,0.04879895,0.08478167,0.0,0.029006647,0.0,0.0,0.0,0.021584352,0.1621509,0.3482691,0.0,0.0,0.044173125,0.26123512
545,670,75,0.059413895,0.33073384,0.18628988,0.0,0.008302138,0.0,0.0,0.0,0.0,0.0,0.0,0.059791505,0.0,0.0,0.27145195,0.08401684
1370,930,75,0.0,0.0,0.07508107,0.01786557,0.0,0.0,0.0,0.030393438,0.0,0.0,0.13943763,0.31943664,0.0,0.0,0.0906727,0.32711297
1837,1884,75,0.0,0.0,0.18426786,0.17437081,0.0,0.023606597,0.0,0.0016543565,0.0,0.019399617,0.0040662186,0.25426918,0.0,0.0042980067,0.13628842,0.19777891
269,901,75,0.059413895,0.33073384,0.18628988,0.0,0.008302138,0.0,0.0,0.0,0.0,0.0,0.0,0.059791505,0.0,0.0,0.27145195,0.08401684
354,1036,75,0.059413895,0.33073384,0.18628988,0.0,0.008302138,0.0,0.0,0.0,0.0,0.0,0.0,0.059791505,0.0,0.0,0.27145195,0.08401684
1062,1687,75,0.0,0.0,0.032600544,0.21765834,0.0,0.115528345,0.0,0.0,0.0,0.04692355,0.10609383,0.24763149,0.0,0.0,0.0,0.23356384
296,1782,75,0.059413895,0.33073384,0.18628988,0.0,0.008302138,0.0,0.0,0.0,0.0,0.0,0.0,0.059791505,0.0,0.0,0.27145195,0.08401684
1627,1079,75,0.0,0.0,0.07694616,0.0,0.0,0.0,0.0,0.1525878,0.0,0.0,0.25568032,0.15924622,0.0,0.0,0.10573734,0.24980219
710,761,75,0.059413895,0.33073384,0.18628988,0.0,0.008302138,0.0,0.0,0.0,0.0,0.0,0.0,0.059791505,0.0,0.0,0.27145195,0.08401684
710,700,75,0.059413895,0.33073384,0.18628988,0.0,0.008302138,0.0,0.0,0.0,0.0,0.0,0.0,0.059791505,0.0,0.0,0.27145195,0.08401684
1502,542,75,0.0,0.0,0.046100345,0.07382616,0.0,0.027862074,0.0,0.0,0.0,0.012335401,0.16750848,0.3486835,0.0,0.0,0.043319207,0.28036487
852,1276,75,0.0,0.0,0.05701191,0.011716488,0.0,0.0045770756,0.0,0.019430282,0.0,0.0,0.15351962,0.3263564,0.0,0.0,0.06490096,0.36248735
619,1925,75,0.05335942,0.23449229,0.174551,0.049742423,0.0,0.0,0.0,0.018438565,0.0,0.0,0.022146117,0.09574565,0.0,0.0,0.22944975,0.122074835
1768,1075,75,0.0,0.0,0.020394154,0.19200902,0.0,0.102977775,0.0,0.0,0.0,0.031831376,0.13353726,0.27099743,0.0,0.0,0.0,0.248253
1285,815,75,0.0,0.07333511,0.0,0.09961652,0.0,0.028348379,0.0,0.08992128,0.0,0.0,0.44803005,0.084957525,0.0,0.0,0.0,0.17579122
795,1834,75,0.0005150345,0.21016043,0.2120009,0.009856991,0.0,0.0,0.0,0.056868356,0.0,0.0,0.020657804,0.0900538,0.0,0.0,0.21403258,0.18585406
876,1415,75,0.0,0.0,0.06370681,0.035310797,0.0,0.014240491,0.0,0.009175172,0.0,0.0,0.12494853,0.33615267,0.0,0.0,0.057392057,0.3590734
509,1978,75,0.059413895,0.33073384,0.18628988,0.0,0.008302138,0.0,0.0,0.0,0.0,0.0,0.0,0.059791505,0.0,0.0,0.27145195,0.08401684
438,776,75,0.059413895,0.33073384,0.18628988,0.0,0.008302138,0.0,0.0,0.0,0.0,0.0,0.0,0.059791505,0.0,0.0,0.27145195,0.08401684
1807,490,75,0.0,0.0011411645,0.069485664,0.0,0.0,0.0,0.0,0.1636741,0.0,0.0,0.30011296,0.14201316,0.0,0.0,0.083175786,0.24039713
665,1030,75,0.059413895,0.33073384,0.18628988,0.0,0.008302138,0.0,0.0,0.0,0.0,0.0,0.0,0.059791505,0.0,0.0,0.27145195,0.08401684
1859,1833,75,0.0,0.0,0.17250471,0.18562746,0.0,0.030848151,0.0,0.0,0.0,0.027375756,0.008162449,0.25947976,0.0,0.008209609,0.11149619,0.19629589
184,791,75,0.059413895,0.33073384,0.18628988,0.0,0.008302138,0.0,0.0,0.0,0.0,0.0,0.0,0.059791505,0.0,0.0,0.27145195,0.08401684
1342,1757,75,0.024692241,0.17953232,0.14122866,0.0,0.0,0.0,0.0,0.14357987,0.0,0.0085241925,0.1403244,0.020307392,0.0,0.0,0.14242743,0.19938342
1006,1998,75,0.0,0.023662608,0.08362505,0.0,0.0,0.0,0.0,0.16355419,0.0,0.0,0.27578238,0.122872636,0.0,0.0,0.09281772,0.23768543
701,310,75,0.059413895,0.33073384,0.18628988,0.0,0.008302138,0.0,0.0,0.0,0.0,0.0,0.0,0.059791505,0.0,0.0,0.27145195,0.08401684
855,1224,75,0.0,0.0,0.05701191,0.011716488,0.0,0.0045770756,0.0,0.019430282,0.0,0.0,0.15351962,0.3263564,0.0,0.0,0.06490096,0.36248735
128,900,75,0.059413895,0.33073384,0.18628988,0.0,0.008302138,0.0,0.0,0.0,0.0,0.0,0.0,0.059791505,0.0,0.0,0.27145195,0.08401684
1190,618,75,0.0,0.02034148,0.20658316,0.13964625,0.0007405632,0.006364787,0.0,0.0118629215,0.0,0.0,0.0006631241,0.23656428,0.0,0.0,0.17371714,0.20351638
1016,1620,75,0.0,0.0,0.017426359,0.21453108,0.0,0.12197755,0.0,0.0,0.0,0.037757825,0.1310776,0.24121812,0.0,0.0,0.0,0.23601148
1175,515,75,0.0,0.0,0.119016916,0.09560958,0.0,0.006339835,0.0,0.012902473,0.0,0.0,0.058947388,0.33003247,0.0,0.0,0.081628084,0.29552326
240,1038,75,0.059413895,0.33073384,0.18628988,0.0,0.008302138,0.0,0.0,0.0,0.0,0.0,0.0,0.059791505,0.0,0.0,0.27145195,0.08401684
1375,208,75,0.0,0.0,0.059109863,0.06273726,0.0,0.01987152,0.0,0.0,0.0,0.0089632915,0.14695553,0.35119933,0.0,0.0,0.059555996,0.29160726
695,1129,75,0.0,0.0,0.0,0.07143692,0.0,0.06296938,0.0,0.0,0.0,0.0,0.34228632,0.24523681,0.0,0.0,0.0,0.27807054
1670,206,75,0.059413895,0.33073384,0.18628988,0.0,0.008302138,0.0,0.0,0.0,0.0,0.0,0.0,0.059791505,0.0,0.0,0.27145195,0.08401684
1295,1183,75,0.0,0.018238086,0.20633355,0.15012875,0.0,0.010347706,0.0,0.0067916973,0.0,0.0,0.0,0.23635615,0.0,0.0005781507,0.16972058,0.20150527
1394,1591,75,0.0,0.122421786,0.17976463,0.0,0.0,0.0,0.0,0.13823783,0.0,0.0,0.09735777,0.07233547,0.0,0.0,0.16473266,0.22514978
555,287,75,0.059413895,0.33073384,0.18628988,0.0,0.008302138,0.0,0.0,0.0,0.0,0.0,0.0,0.059791505,0.0,0.0,0.27145195,0.08401684
1785,1485,75,0.0,0.0,0.05237828,0.0,0.0,0.0,0.0,0.10888265,0.0,0.0,0.28343353,0.20263888,0.0,0.0,0.091032766,0.26163396
1865,1371,75,0.0,0.0,0.050656307,0.21836954,0.0,0.103581086,0.0,0.0,0.0,0.05845706,0.07956718,0.259514,0.0,0.0,0.0,0.22985476
666,1745,75,0.035268504,0.20453341,0.12147596,0.0,0.0,0.0,0.0,0.14338663,0.0,0.01277066,0.1627332,0.0034412593,0.0,0.0,0.13194604,0.18444432
542,249,75,0.059413895,0.33073384,0.18628988,0.0,0.008302138,0.0,0.0,0.0,0.0,0.0,0.0,0.059791505,0.0,0.0,0.27145195,0.08401684
862,1616,75,0.0,0.0,0.057036,0.011977701,0.0,0.0046743685,0.0,0.019128125,0.0,0.0,0.1533696,0.32669872,0.0,0.0,0.0648436,0.3622719
1288,806,75,0.0,0.12332617,0.0,0.10383783,0.0,0.02672367,0.0,0.10665669,0.0,0.0,0.43101802,0.049275894,0.0,0.0,0.0,0.15916169
478,1686,75,0.10795382,0.307889,0.1200599,0.0045802733,0.0,0.0,0.0,0.04003159,0.0,0.0,0.07403713,0.0073825605,0.0,0.0,0.2258757,0.11218999
1787,1719,75,0.0,0.0,0.04315486,0.0,0.0,0.0,0.0,0.039997563,0.0,0.0,0.24807815,0.29232177,0.0,0.0,0.07508501,0.3013627
843,834,75,0.059413895,0.33073384,0.18628988,0.0,0.008302138,0.0,0.0,0.0,0.0,0.0,0.0,0.059791505,0.0,0.0,0.27145195,0.08401684
1114,1641,75,0.14724568,0.29142964,0.07027196,0.048889644,0.0,0.0007915425,0.0,0.054815665,0.0,0.0,0.103379354,0.01071849,0.0,0.0,0.17870876,0.093749285
1236,863,75,0.0,0.0,0.0,0.08081701,0.0,0.03580862,0.0,0.050531935,0.0,0.0,0.44092074,0.17450616,0.0,0.0,0.0,0.21741551
256,669,75,0.059413895,0.33073384,0.18628988,0.0,0.008302138,0.0,0.0,0.0,0.0,0.0,0.0,0.059791505,0.0,0.0,0.27145195,0.08401684
1874,1223,75,0.0,0.0,0.113993526,0.13703856,0.0,0.02695948,0.0,0.009416421,0.0,0.0,0.040903974,0.31988707,0.0,0.0,0.053645805,0.2981552
1339,1262,75,0.059413895,0.33073384,0.18628988,0.0,0.008302138,0.0,0.0,0.0,0.0,0.0,0.0,0.059791505,0.0,0.0,0.27145195,0.08401684
181,1337,75,0.059413895,0.33073384,0.18628988,0.0,0.008302138,0.0,0.0,0.0,0.0,0.0,0.0,0.059791505,0.0,0.0,0.27145195,0.08401684
1391,1180,75,0.059413895,0.33073384,0.18628988,0.0,0.008302138,0.0,0.0,0.0,0.0,0.0,0.0,0.059791505,0.0,0.0,0.27145195,0.08401684
1614,1707,75,0.0,0.0,0.2089003,0.10102538,0.0,0.0,0.0,0.06091538,0.0,0.0,0.0015548962,0.2164967,0.0,0.0,0.1706121,0.24049526
272,1323,75,0.059413895,0.33073384,0.18628988,0.0,0.008302138,0.0,0.0,0.0,0.0,0.0,0.0,0.059791505,0.0,0.0,0.27145195,0.08401684
93,685,75,0.059413895,0.33073384,0.18628988,0.0,0.008302138,0.0,0.0,0.0,0.0,0.0,0.0,0.059791505,0.0,0.0,0.27145195,0.08401684
1596,1719,75,0.0,0.0028899855,0.21565846,0.037020672,0.0,0.0,0.0,0.10637808,0.0,0.0,0.02249262,0.17890787,0.0,0.0,0.17534007,0.26131225
115,238,75,0.059413895,0.33073384,0.18628988,0.0,0.008302138,0.0,0.0,0.0,0.0,0.0,0.0,0.059791505,0.0,0.0,0.27145195,0.08401684
536,244,75,0.059413895,0.33073384,0.18628988,0.0,0.008302138,0.0,0.0,0.0,0.0,0.0,0.0,0.059791505,0.0,0.0,0.27145195,0.08401684
507,460,75,0.059413895,0.33073384,0.18628988,0.0,0.008302138,0.0,0.0,0.0,0.0,0.0,0.0,0.059791505,0.0,0.0,0.27145195,0.08401684
1000,1168,75,0.0,0.0,0.046833362,0.05965586,0.0,0.031652488,0.0,0.0,0.0,0.0,0.14386465,0.3404281,0.0,0.0,0.028120525,0.34944504
1431,411,75,0.0,0.0,0.060420424,0.007923013,0.0,0.0,0.0,0.03560685,0.0,0.0075227367,0.22576001,0.30294293,0.0,0.0,0.09132019,0.26850381
1696,840,75,0.0,0.0,0.05049145,0.24014685,0.0,0.121213086,0.0,0.0,0.0,0.07700351,0.08662197,0.22084942,0.0,0.0,0.0,0.20367377
697,1158,75,0.0,0.0,0.009638389,0.0018885914,0.0,0.022096371,0.0,0.0070229936,0.0,0.0,0.2624444,0.29854602,0.0,0.0,0.008312701,0.39005053
414,611,75,0.059413895,0.33073384,0.18628988,0.0,0.008302138,0.0,0.0,0.0,0.0,0.0,0.0,0.059791505,0.0,0.0,0.27145195,0.08401684
1597,449,75,0.0031601854,0.0,0.12047868,0.24217401,0.01796742,0.08122581,0.0,0.0,0.0,0.091208674,0.02336218,0.19719946,0.0,0.0074310196,0.03388164,0.1819109
1617,833,75,0.0,0.0,0.03958698,0.118867524,0.0,0.05860962,0.0,0.0,0.0,0.006122625,0.13162427,0.33265102,0.0,0.0,0.002468161,0.3100697
1468,1985,75,0.0,0.0,0.0068046185,0.044839848,0.0,0.046118587,0.0,0.0,0.0,0.0,0.24108009,0.29386765,0.0,0.0,0.002174898,0.36511433
378,2006,75,0.059413895,0.33073384,0.18628988,0.0,0.008302138,0.0,0.0,0.0,0.0,0.0,0.0,0.059791505,0.0,0.0,0.27145195,0.08401684
723,1789,75,0.016358685,0.16115952,0.16876635,0.0,0.0,0.0,0.0,0.12993835,0.0,0.0011087739,0.10122637,0.041328948,0.0,0.0,0.16680393,0.21330905
1458,2040,75,0.0,0.0,0.10166005,0.036089048,0.0,0.0,0.0,0.05626684,0.0,0.0,0.09260656,0.28794608,0.0,0.0,0.10079698,0.32463443
267,510,75,0.059413895,0.33073384,0.18628988,0.0,0.008302138,0.0,0.0,0.0,0.0,0.0,0.0,0.059791505,0.0,0.0,0.27145195,0.08401684
1133,1571,75,0.0,0.21325748,0.064303264,0.0,0.0,0.0,0.0,0.18246034,0.0,0.017069755,0.3104863,0.0,0.0,0.0,0.04571047,0.16671243
1109,701,75,0.059413895,0.33073384,0.18628988,0.0,0.008302138,0.0,0.0,0.0,0.0,0.0,0.0,0.059791505,0.0,0.0,0.27145195,0.08401684
1722,574,75,0.059413895,0.33073384,0.18628988,0.0,0.008302138,0.0,0.0,0.0,0.0,0.0,0.0,0.059791505,0.0,0.0,0.27145195,0.08401684
1458,84,75,0.058494203,0.03633585,0.09559518,0.24841261,0.0,0.08899198,0.0,0.0,0.0,0.09544303,0.026888842,0.15751195,0.0,0.0,0.055871323,0.13645494
1041,1163,75,0.0,0.0,0.03146548,0.081518196,0.0,0.049317222,0.0,0.0,0.0,0.0,0.15916216,0.33005765,0.0,0.0,0.0051775384,0.34330174
1572,1884,75,0.107769586,0.31783682,0.1432518,0.014509236,0.0,0.0,0.0,0.0051962268,0.0,0.0,0.02825214,0.025461527,0.0,0.0,0.2579143,0.09980836
347,1465,75,0.045171175,0.30950212,0.18854178,0.0,0.0,0.0,0.0,0.004098425,0.0,0.0,0.018938944,0.041203685,0.0,0.0,0.26061505,0.13192892
947,1383,75,0.0,0.0,0.0965682,0.16432685,0.0,0.046510164,0.0,0.0,0.0,0.020377358,0.041595906,0.320106,0.0,0.0,0.028896743,0.2816188
260,1472,75,0.059413895,0.33073384,0.18628988,0.0,0.008302138,0.0,0.0,0.0,0.0,0.0,0.0,0.059791505,0.0,0.0,0.27145195,0.08401684
1280,1907,75,0.13750127,0.2712779,0.018094057,0.029502343,0.0,0.0,0.0,0.11217823,0.0,0.0,0.20644902,0.0,0.0,0.0,0.12093461,0.104062505
869,1624,75,0.0,0.0,0.057011332,0.011781678,0.0,0.004599462,0.0,0.01934045,0.0,0.0,0.15351807,0.32646284,0.0,0.0,0.064901106,0.36238506
361,306,75,0.059413895,0.33073384,0.18628988,0.0,0.008302138,0.0,0.0,0.0,0.0,0.0,0.0,0.059791505,0.0,0.0,0.27145195,0.08401684
1126,451,75,0.0,0.0,0.05032507,0.033112947,0.0,0.017790264,0.0,0.0,0.0,0.0,0.15677108,0.33805066,0.0,0.0,0.04611479,0.3578352
293,329,75,0.059413895,0.33073384,0.18628988,0.0,0.008302138,0.0,0.0,0.0,0.0,0.0,0.0,0.059791505,0.0,0.0,0.27145195,0.08401684
272,114,75,0.059413895,0.33073384,0.18628988,0.0,0.008302138,0.0,0.0,0.0,0.0,0.0,0.0,0.059791505,0.0,0.0,0.27145195,0.08401684
1217,1577,75,0.0,0.17932174,0.11554247,0.0,0.0,0.0,0.0,0.17021908,0.0,0.0071030585,0.23120563,0.010645312,0.0,0.0,0.09364804,0.19231468
896,596,75,0.0,0.0,0.08335077,0.0,0.0,0.0,0.0,0.15926795,0.0,0.0,0.25010246,0.1515985,0.0,0.0,0.10822165,0.24745874
535,1734,75,0.12592214,0.26735848,0.035488266,0.014027032,0.0,0.0,0.0,0.11531635,0.0,0.0,0.19453567,0.0,0.0,0.0,0.13127138,0.11608069
1440,1776,75,0.016680492,0.1600631,0.1562532,0.0,0.0,0.0,0.0,0.14245707,0.0,0.004786309,0.12446367,0.03625901,0.0,0.0,0.15025768,0.20877956
1858,857,75,0.063890316,0.33868542,0.18316063,0.0,0.0049741124,0.0,0.0,0.0,0.0,0.0,0.0,0.052187234,0.0,0.0,0.27203524,0.08506701
870,1276,75,0.0,0.0,0.05701191,0.011716488,0.0,0.0045770756,0.0,0.019430282,0.0,0.0,0.15351962,0.3263564,0.0,0.0,0.06490096,0.36248735
220,739,75,0.059413895,0.33073384,0.18628988,0.0,0.008302138,0.0,0.0,0.0,0.0,0.0,0.0,0.059791505,0.0,0.0,0.27145195,0.08401684
883,238,75,0.0,0.0,0.057678893,0.011396432,0.0,0.0033223617,0.0,0.02041838,0.0,0.0,0.1562926,0.32606804,0.0,0.0,0.06833927,0.35648403
1489,235,75,0.0,0.0,0.09932462,0.24087824,0.0,0.0921608,0.0,0.0,0.0,0.08175675,0.031537138,0.23943059,0.0,0.0,0.01049277,0.20441918
1823,1585,75,0.0,0.0,0.04685654,0.018532127,0.0,0.008112919,0.0,0.008316928,0.0,0.0,0.20727557,0.32952616,0.0,0.0,0.07076712,0.3106126
920,564,75,0.0,0.0,0.063870266,0.0,0.0,0.0,0.0,0.1338231,0.0,0.0,0.27010414,0.17788151,0.0,0.0,0.09812703,0.256194
1773,1374,75,0.0,0.0,0.05355453,0.0,0.0,0.0,0.0,0.043580625,0.0,0.0,0.19073476,0.2939916,0.0,0.0,0.07875571,0.33938283
1070,545,75,0.0,0.0,0.09920251,0.04407861,0.0,0.0007127841,0.0,0.044849455,0.0,0.0,0.08723225,0.30146542,0.0,0.0,0.09217438,0.33028457
93,1810,75,0.059413895,0.33073384,0.18628988,0.0,0.008302138,0.0,0.0,0.0,0.0,0.0,0.0,0.059791505,0.0,0.0,0.27145195,0.08401684
1693,1515,75,0.059413895,0.33073384,0.18628988,0.0,0.008302138,0.0,0.0,0.0,0.0,0.0,0.0,0.059791505,0.0,0.0,0.27145195,0.08401684
125,1950,75,0.059413895,0.33073384,0.18628988,0.0,0.008302138,0.0,0.0,0.0,0.0,0.0,0.0,0.059791505,0.0,0.0,0.27145195,0.08401684
1242,221,75,0.0,0.015303284,0.093980126,0.0,0.0,0.0,0.0,0.16417654,0.0,0.0,0.24310821,0.13260865,0.0,0.0,0.10947811,0.24134506
193,1452,75,0.059413895,0.33073384,0.18628988,0.0,0.008302138,0.0,0.0,0.0,0.0,0.0,0.0,0.059791505,0.0,0.0,0.27145195,0.08401684
794,872,75,0.059413895,0.33073384,0.18628988,0.0,0.008302138,0.0,0.0,0.0,0.0,0.0,0.0,0.059791505,0.0,0.0,0.27145195,0.08401684
734,503,75,0.059413895,0.33073384,0.18628988,0.0,0.008302138,0.0,0.0,0.0,0.0,0.0,0.0,0.059791505,0.0,0.0,0.27145195,0.08401684
809,1314,75,0.0,0.0,0.05701191,0.011716488,0.0,0.0045770756,0.0,0.019430282,0.0,0.0,0.15351962,0.3263564,0.0,0.0,0.06490096,0.36248735
1675,98,75,0.059413895,0.33073384,0.18628988,0.0,0.008302138,0.0,0.0,0.0,0.0,0.0,0.0,0.059791505,0.0,0.0,0.27145195,0.08401684
1428,1879,75,0.013486192,0.15650477,0.18518959,0.0,0.0,0.0,0.0,0.11351264,0.0,0.0,0.0714928,0.060008306,0.0,0.0,0.18337478,0.21643096
1301,763,75,0.0,0.19157405,0.09339153,0.0,0.020302834,0.0,0.0,0.08966363,0.0,0.0,0.32321054,0.047153875,0.0,0.0,0.059833497,0.17487003
1786,693,75,0.059413895,0.33073384,0.18628988,0.0,0.008302138,0.0,0.0,0.0,0.0,0.0,0.0,0.059791505,0.0,0.0,0.27145195,0.08401684
1046,685,75,0.0,0.075067475,0.22173572,0.093712546,0.010333649,0.0,0.0,0.012788744,0.0,0.0,0.0,0.18753612,0.0,0.008065528,0.19749533,0.19326489
494,1505,75,0.054952238,0.2321492,0.07986261,0.0,0.0,0.0,0.0,0.14229691,0.0,0.012318682,0.21270615,0.0,0.0,0.0,0.11277999,0.15293415
1259,1641,75,0.03087047,0.19251224,0.13277404,0.0,0.0,0.0,0.0,0.14225821,0.0,0.010905237,0.14664759,0.012044992,0.0,0.0,0.13953961,0.19244759
203,1521,75,0.059413895,0.33073384,0.18628988,0.0,0.008302138,0.0,0.0,0.0,0.0,0.0,0.0,0.059791505,0.0,0.0,0.27145195,0.08401684
1225,317,75,0.0,0.0,0.10982549,0.22831163,0.0,0.08109341,0.0,0.0,0.0,0.062424257,0.023115342,0.24732861,0.0,0.011837189,0.020122968,0.21594098
328,1311,75,0.0,0.03557792,0.06413202,0.0,0.0,0.0,0.0,0.17247963,0.0,0.0,0.34132943,0.10607163,0.0,0.0,0.05574081,0.2246686
943,1183,75,0.0,0.0,0.05683676,0.01320215,0.0,0.0054598516,0.0,0.017690357,0.0,0.0,0.15244876,0.3279505,0.0,0.0,0.06377886,0.36263263
1389,451,75,0.0,0.0,0.056353614,0.0,0.0,0.0,0.0,0.12521967,0.0,0.0,0.2840373,0.18431975,0.0,0.0,0.09146823,0.2586015
1043,1177,75,0.0,0.0,0.032989234,0.047144104,0.0,0.030945297,0.0,0.0,0.0,0.0,0.17912331,0.32975888,0.0,0.0,0.018257093,0.36178207
1863,769,75,0.059413895,0.33073384,0.18628988,0.0,0.008302138,0.0,0.0,0.0,0.0,0.0,0.0,0.059791505,0.0,0.0,0.27145195,0.08401684
1533,1155,75,0.057344597,0.32821938,0.187346,0.0,0.010840765,0.0,0.0,0.0,0.0,0.0,0.0,0.06019561,0.0,0.0,0.2707655,0.08528819
1087,1886,75,0.0,0.0,0.05699867,0.0,0.0,0.0,0.0,0.03785639,0.0,0.0,0.21430385,0.30343196,0.0,0.0,0.08622293,0.30118626
1753,492,75,0.059413895,0.33073384,0.18628988,0.0,0.008302138,0.0,0.0,0.0,0.0,0.0,0.0,0.059791505,0.0,0.0,0.27145195,0.08401684
1778,1126,75,0.0,0.0,0.01900556,0.106436215,0.0,0.06079832,0.0,0.0,0.0,0.0009813184,0.18386394,0.33054513,0.0,0.0,0.0,0.29836956
1288,230,75,0.0,0.0,0.06298543,0.0,0.0,0.0,0.0,0.13922887,0.0,0.0,0.27833202,0.17061289,0.0,0.0,0.0945486,0.25429222
717,1710,75,0.0,0.0821384,0.13926442,0.0,0.0,0.0,0.0,0.1704655,0.0,0.0,0.18980427,0.07730225,0.0,0.0,0.11723771,0.22378747
1183,614,75,0.0,0.014526313,0.19855264,0.14773685,0.002331627,0.007187332,0.0,0.010384869,0.0,0.0026685619,0.009002048,0.24454546,0.0,0.00016638938,0.16360569,0.19929214
1741,384,75,0.059413895,0.33073384,0.18628988,0.0,0.008302138,0.0,0.0,0.0,0.0,0.0,0.0,0.059791505,0.0,0.0,0.27145195,0.08401684
1568,1871,75,0.06913749,0.28418663,0.16723868,0.006058729,0.0,0.0,0.0,0.026445046,0.0,0.0,0.031123452,0.0403442,0.0,0.0,0.24570803,0.12975769
929,1833,75,0.0,0.0,0.16600595,0.123417266,0.0,0.0042498256,0.0,0.033379328,0.0,0.0,0.041298445,0.2708472,0.0,0.0,0.13934197,0.22146003
1498,659,75,0.0,0.0,0.042493608,0.0,0.0,0.0,0.0,0.041700542,0.0,0.0,0.23948061,0.29050636,0.0,0.0,0.07318671,0.3126322
102,628,75,0.059413895,0.33073384,0.18628988,0.0,0.008302138,0.0,0.0,0.0,0.0,0.0,0.0,0.059791505,0.0,0.0,0.27145195,0.08401684
1415,1050,75,0.0,0.0,0.16937126,0.13522092,0.0,0.009400622,0.0,0.023627302,0.0,0.0,0.03345641,0.2808324,0.0,0.0,0.12860031,0.21949072
1425,1225,75,0.059413895,0.33073384,0.18628988,0.0,0.008302138,0.0,0.0,0.0,0.0,0.0,0.0,0.059791505,0.0,0.0,0.27145195,0.08401684
1478,834,75,0.0,0.0,0.05384282,0.0027242647,0.0,0.0032235333,0.0,0.027191024,0.0,0.0,0.159664,0.31468263,0.0,0.0,0.060643077,0.37802875
363,1981,75,0.059413895,0.33073384,0.18628988,0.0,0.008302138,0.0,0.0,0.0,0.0,0.0,0.0,0.059791505,0.0,0.0,0.27145195,0.08401684
607,1972,75,0.059413895,0.33073384,0.18628988,0.0,0.008302138,0.0,0.0,0.0,0.0,0.0,0.0,0.059791505,0.0,0.0,0.27145195,0.08401684
147,1302,75,0.059413895,0.33073384,0.18628988,0.0,0.008302138,0.0,0.0,0.0,0.0,0.0,0.0,0.059791505,0.0,0.0,0.27145195,0.08401684
1751,1870,75,0.0,0.0,0.0871011,0.06055092,0.0,0.012339782,0.0,0.030922903,0.0,0.0,0.077554435,0.3160157,0.0,0.0,0.0621355,0.35337967
843,1174,75,0.0,0.0,0.049846124,0.004483381,0.0,0.0054474254,0.0,0.020713152,0.0,0.0,0.16334614,0.31869692,0.0,0.0,0.053778023,0.38368884
215,700,75,0.059413895,0.33073384,0.18628988,0.0,0.008302138,0.0,0.0,0.0,0.0,0.0,0.0,0.059791505,0.0,0.0,0.27145195,0.08401684
427,1119,75,0.048926637,0.32881135,0.18781953,0.0,0.024354078,0.0,0.0,0.0,0.0,0.0,0.0,0.04862636,0.0,0.0,0.26675713,0.0947049
732,711,75,0.059413895,0.33073384,0.18628988,0.0,0.008302138,0.0,0.0,0.0,0.0,0.0,0.0,0.059791505,0.0,0.0,0.27145195,0.08401684
1206,1917,75,0.0,0.0,0.044396807,0.22086832,0.0,0.10847561,0.0,0.0,0.0,0.05676476,0.09285398,0.25011918,0.0,0.0,0.0,0.22652137
1333,1358,75,0.059413895,0.33073384,0.18628988,0.0,0.008302138,0.0,0.0,0.0,0.0,0.0,0.0,0.059791505,0.0,0.0,0.27145195,0.08401684
1197,1116,75,0.0,0.0,0.07009022,0.018317793,0.0,0.004946579,0.0,0.042652573,0.0,0.0,0.119962305,0.29916525,0.0,0.0,0.070074946,0.3747903
1573,900,75,0.0,0.0,0.08697477,0.0064487588,0.0,0.0,0.0,0.059816748,0.0,0.0,0.14947358,0.28485554,0.0,0.0,0.110826224,0.30160442
1152,875,75,0.0,0.108910665,0.031624682,0.018787889,0.0,0.0,0.0,0.14347643,0.0,0.0,0.43153813,0.0761914,0.0,0.0,0.0,0.18947075
120,1941,75,0.059413895,0.33073384,0.18628988,0.0,0.008302138,0.0,0.0,0.0,0.0,0.0,0.0,0.059791505,0.0,0.0,0.27145195,0.08401684
1251,610,75,0.019300183,0.27097562,0.21165796,0.0,0.036572013,0.0,0.0,0.0,0.0,0.0,0.0,0.08021391,0.0,0.0,0.25911728,0.12216309
294,674,75,0.059413895,0.33073384,0.18628988,0.0,0.008302138,0.0,0.0,0.0,0.0,0.0,0.0,0.059791505,0.0,0.0,0.27145195,0.08401684
579,1288,75,0.0,0.0,0.0912878,0.01187983,0.0,0.0,0.0,0.055262703,0.0,0.00058404263,0.16267899,0.2893372,0.0,0.0,0.11764886,0.27132052
1197,145,75,0.020864733,0.2855725,0.2015694,0.0,0.0,0.0,0.0,0.016645892,0.0,0.0,0.02251112,0.04076247,0.0,0.0,0.25095743,0.16111651
1294,1941,75,0.18706974,0.28069353,0.0,0.06839372,0.0,0.024284208,0.0,0.07399823,0.0,0.0,0.1752947,0.0,0.0,0.0,0.1267109,0.06355499
1049,357,75,0.0,0.0,0.056999426,0.012225645,0.0,0.0047727306,0.0,0.018742966,0.0,0.0,0.15341151,0.32714814,0.0,0.0,0.06479776,0.36190182
1801,1986,75,0.0,0.08044528,0.22597718,0.088328816,0.0,0.0,0.0,0.01868971,0.0,0.0,0.0,0.18660997,0.0,0.0,0.20589948,0.19404952
331,1706,75,0.059413895,0.33073384,0.18628988,0.0,0.008302138,0.0,0.0,0.0,0.0,0.0,0.0,0.059791505,0.0,0.0,0.27145195,0.08401684
598,1822,75,0.12148667,0.26652467,0.024789475,0.01728784,0.0,0.0,0.0,0.12682319,0.0,0.00059002655,0.213941,0.0,0.0,0.0,0.11204777,0.11650938
1872,1086,75,0.0,0.05108209,0.0,0.19077493,0.0,0.09600963,0.0,0.024997994,0.0,0.0,0.39298174,0.090372205,0.0,0.0,0.0,0.15378141
465,1118,75,0.0,0.14683302,0.06377698,0.008786771,5.2478994e-05,0.0,0.0,0.09347801,0.0,0.0,0.37919915,0.08398544,0.0,0.0,0.034995448,0.18889263
200,939,75,0.059413895,0.33073384,0.18628988,0.0,0.008302138,0.0,0.0,0.0,0.0,0.0,0.0,0.059791505,0.0,0.0,0.27145195,0.08401684
1297,1518,75,0.0,0.111854464,0.112407975,0.0,0.0,0.0,0.0,0.18473439,0.0,0.0,0.25422713,0.04936257,0.0,0.0,0.07831022,0.20910329
1465,676,75,0.0,0.0,0.039508164,0.0,0.0,0.0,0.0,0.092349164,0.0,0.0,0.2989976,0.2183692,0.0,0.0,0.078509636,0.2722662
594,1651,75,0.042703398,0.2147314,0.1122388,0.0,0.0,0.0,0.0,0.14097589,0.0,0.012106075,0.1705311,0.0,0.0,0.0,0.13083287,0.1758804
1515,1844,75,0.009265203,0.1463246,0.19015664,0.0,0.0,0.0,0.0,0.11405471,0.0,0.0,0.06907837,0.07009741,0.0,0.0,0.1827629,0.21826015
801,1235,75,0.0,0.0,0.05701191,0.011716488,0.0,0.0045770756,0.0,0.019430282,0.0,0.0,0.15351962,0.3263564,0.0,0.0,0.06490096,0.36248735
434,316,75,0.059413895,0.33073384,0.18628988,0.0,0.008302138,0.0,0.0,0.0,0.0,0.0,0.0,0.059791505,0.0,0.0,0.27145195,0.08401684
526,1647,75,0.09734053,0.25479305,0.047072742,0.0049592704,0.0,0.0,0.0,0.13187374,0.0,0.0076928358,0.21099374,0.0,0.0,0.0,0.11631869,0.12895545
831,812,75,0.059413895,0.33073384,0.18628988,0.0,0.008302138,0.0,0.0,0.0,0.0,0.0,0.0,0.059791505,0.0,0.0,0.27145195,0.08401684
1555,1353,75,0.059413895,0.33073384,0.18628988,0.0,0.008302138,0.0,0.0,0.0,0.0,0.0,0.0,0.059791505,0.0,0.0,0.27145195,0.08401684
363,1943,75,0.059413895,0.33073384,0.18628988,0.0,0.008302138,0.0,0.0,0.0,0.0,0.0,0.0,0.059791505,0.0,0.0,0.27145195,0.08401684
1790,737,75,0.059413895,0.33073384,0.18628988,0.0,0.008302138,0.0,0.0,0.0,0.0,0.0,0.0,0.059791505,0.0,0.0,0.27145195,0.08401684
744,1913,75,0.075843535,0.31017515,0.17168127,0.030986642,0.0,0.0,0.0,0.0,0.0,0.0,0.0,0.059638873,0.0,0.0,0.25857252,0.09310201
1771,687,75,0.059413895,0.33073384,0.18628988,0.0,0.008302138,0.0,0.0,0.0,0.0,0.0,0.0,0.059791505,0.0,0.0,0.27145195,0.08401684
1134,349,75,0.0,0.0,0.048753742,0.13864958,0.0,0.064028345,0.0,0.0,0.0,0.0140365865,0.10458867,0.32454893,0.0,0.0,0.0026080566,0.30278608
1840,1598,75,0.0,0.0,0.05236378,0.092573464,0.0,0.04132667,0.0,0.0,0.0,0.0,0.12018943,0.34650788,0.0,0.0,0.026033292,0.3210055
1709,1726,75,0.0,0.004258972,0.03408476,0.0,0.0,0.0,0.0,0.14133584,0.0,0.0,0.38745302,0.15173262,0.0,0.0,0.041407906,0.2397269
1735,519,75,0.059413895,0.33073384,0.18628988,0.0,0.008302138,0.0,0.0,0.0,0.0,0.0,0.0,0.059791505,0.0,0.0,0.27145195,0.08401684
586,1017,75,0.059413895,0.33073384,0.18628988,0.0,0.008302138,0.0,0.0,0.0,0.0,0.0,0.0,0.059791505,0.0,0.0,0.27145195,0.08401684
903,511,75,0.0,0.0,0.057172187,0.0,0.0,0.0,0.0,0.12203415,0.0,0.0,0.27934137,0.18839434,0.0,0.0,0.09378217,0.25927585
1841,1784,75,0.0,0.0,0.10636052,0.2131543,0.0,0.064883575,0.0,0.0,0.0,0.05731115,0.029539652,0.27346587,0.0,0.00786061,0.03159269,0.2158316
95,1903,75,0.059413895,0.33073384,0.18628988,0.0,0.008302138,0.0,0.0,0.0,0.0,0.0,0.0,0.059791505,0.0,0.0,0.27145195,0.08401684
1063,825,75,0.057553392,0.32851848,0.18620819,0.0,0.013180353,0.0,0.0,0.0,0.0,0.0,0.0,0.05902084,0.0,0.0,0.2698274,0.085691385
810,1410,75,0.0,0.0,0.05701191,0.011716488,0.0,0.0045770756,0.0,0.019430282,0.0,0.0,0.15351962,0.3263564,0.0,0.0,0.06490096,0.36248735
161,1557,75,0.059413895,0.33073384,0.18628988,0.0,0.008302138,0.0,0.0,0.0,0.0,0.0,0.0,0.059791505,0.0,0.0,0.27145195,0.08401684
1461,429,75,0.0,0.0,0.04908466,0.07718185,0.0,0.026364293,0.0,0.0,0.0,0.017009206,0.16425426,0.34954405,0.0,0.0,0.046704132,0.26985756
1503,1363,75,0.059413895,0.33073384,0.18628988,0.0,0.008302138,0.0,0.0,0.0,0.0,0.0,0.0,0.059791505,0.0,0.0,0.27145195,0.08401684
720,646,75,0.05318426,0.3287609,0.18767099,0.0,0.011920035,0.0,0.0,0.0,0.0,0.0,0.0,0.058272965,0.0,0.0,0.26905784,0.09113297
1428,847,75,0.0,0.0,0.045375854,0.0,0.0,0.0,0.0,0.033532396,0.0,0.0,0.18337885,0.30157113,0.0,0.0,0.059420712,0.3767211
612,1961,75,0.059413895,0.33073384,0.18628988,0.0,0.008302138,0.0,0.0,0.0,0.0,0.0,0.0,0.059791505,0.0,0.0,0.27145195,0.08401684
788,1603,75,0.0,0.0,0.06543081,0.009446479,0.0,0.0,0.0,0.028134588,0.0,0.0,0.16911784,0.32089242,0.0,0.0,0.08674579,0.3202321
1149,200,75,0.004637388,0.0,0.057773933,0.25395653,0.0,0.12369391,0.0,0.0,0.0,0.09944604,0.08338849,0.18639418,0.0,0.0,0.0,0.19070952
93,1820,75,0.059413895,0.33073384,0.18628988,0.0,0.008302138,0.0,0.0,0.0,0.0,0.0,0.0,0.059791505,0.0,0.0,0.27145195,0.08401684
653,1030,75,0.059413895,0.33073384,0.18628988,0.0,0.008302138,0.0,0.0,0.0,0.0,0.0,0.0,0.059791505,0.0,0.0,0.27145195,0.08401684
1040,940,75,0.053041477,0.3336328,0.18593958,0.0,0.020430509,0.0,0.0,0.0,0.0,0.0,0.0,0.047559384,0.0,0.0,0.26782432,0.091571964
1153,617,75,0.0,0.00473323,0.19828886,0.1396246,0.0,0.0056979517,0.0,0.01970458,0.0,0.0,0.009775737,0.24992846,0.0,0.0,0.16335954,0.20888706
961,290,75,0.0,0.0,0.05701191,0.011716488,0.0,0.0045770756,0.0,0.019430282,0.0,0.0,0.15351962,0.3263564,0.0,0.0,0.06490096,0.36248735
902,1280,75,0.0,0.0,0.057969965,0.012780484,0.0,0.004975704,0.0,0.019574046,0.0,0.0,0.15050384,0.32609943,0.0,0.0,0.06506694,0.36302963
1587,1093,75,0.0,0.081278905,0.14240354,0.0,0.0,0.0,0.0,0.1520597,0.0,0.0,0.16412926,0.09595197,0.0,0.0,0.13686685,0.22730981
1181,1022,75,0.0,0.0,0.06405219,0.0,0.0,0.0,0.0,0.041001484,0.0,0.0,0.16485967,0.3042068,0.0,0.0,0.084913865,0.34096605
1576,862,75,0.0,0.0,0.06623118,0.0104465615,0.0,0.0,0.0,0.02951113,0.0,0.0,0.1543027,0.31869793,0.0,0.0,0.08341051,0.3374
1328,745,75,0.0,0.16058727,0.121711336,0.0067530302,0.020491313,0.0,0.0,0.036473725,0.0,0.0,0.24021353,0.120679,0.0,0.0,0.115720294,0.17737053
1868,866,75,0.07871037,0.3549059,0.17386155,0.0,0.0,0.0,0.0,0.0,0.0,0.0,0.0,0.036965296,0.0,0.0,0.2741948,0.08136213
938,1787,75,0.0,0.0,0.119164646,0.043859158,0.0,0.0,0.0,0.06636186,0.0,0.0,0.08811664,0.27081227,0.0,0.0,0.11895984,0.29272565
1193,1564,75,0.0,0.17447369,0.096688144,0.0,0.0,0.0,0.0,0.1862848,0.0,0.0018207947,0.28637427,0.0051075714,0.0,0.0,0.059081316,0.1901694
1106,1025,75,0.0,0.0,0.035625823,0.0,0.0,0.0,0.0,0.04610956,0.0,0.0,0.21704419,0.27403614,0.0,0.0,0.055306807,0.37187746
90,339,75,0.059413895,0.33073384,0.18628988,0.0,0.008302138,0.0,0.0,0.0,0.0,0.0,0.0,0.059791505,0.0,0.0,0.27145195,0.08401684
1694,109,75,0.059413895,0.33073384,0.18628988,0.0,0.008302138,0.0,0.0,0.0,0.0,0.0,0.0,0.059791505,0.0,0.0,0.27145195,0.08401684
1630,871,75,0.0,0.0,0.04951935,0.0979621,0.0,0.039054886,0.0,0.0,0.0,0.015446265,0.13522567,0.3454434,0.0,0.0,0.026646154,0.29070216
1858,1330,75,0.0,0.0,0.06286147,0.22444183,0.0,0.100002415,0.0,0.0,0.0,0.06767188,0.06456679,0.25827885,0.0,0.0,0.0016938215,0.22048295
925,1649,75,0.0,0.0,0.05618131,0.01316732,0.0,0.0053202687,0.0,0.016658684,0.0,0.0,0.15511039,0.3291599,0.0,0.0,0.06376442,0.3606377
1309,1395,75,0.0,0.15110333,0.060114756,0.00505492,0.0,0.0,0.0,0.119603805,0.0,0.0,0.37652245,0.072309986,0.0,0.0,0.032299392,0.18299142
911,1967,75,0.059413895,0.33073384,0.18628988,0.0,0.008302138,0.0,0.0,0.0,0.0,0.0,0.0,0.059791505,0.0,0.0,0.27145195,0.08401684
130,1905,75,0.059413895,0.33073384,0.18628988,0.0,0.008302138,0.0,0.0,0.0,0.0,0.0,0.0,0.059791505,0.0,0.0,0.27145195,0.08401684
1147,1746,75,0.0,0.0,0.0,0.19445789,0.0,0.1076692,0.0,0.005559186,0.0,0.0,0.3761215,0.13153605,0.0,0.0,0.0,0.18465616
157,1003,75,0.059413895,0.33073384,0.18628988,0.0,0.008302138,0.0,0.0,0.0,0.0,0.0,0.0,0.059791505,0.0,0.0,0.27145195,0.08401684
1158,94,75,0.05383917,0.32159784,0.19003041,0.0,0.014369948,0.0,0.0,0.0,0.0,0.0,0.0,0.0644919,0.0,0.0,0.27099097,0.08467979
1450,1492,75,0.0,0.056643695,0.21429491,0.08692856,0.0,0.0,0.0,0.03795868,0.0,0.0,0.0,0.20781964,0.0,0.0,0.19563678,0.20071776
557,157,75,0.059413895,0.33073384,0.18628988,0.0,0.008302138,0.0,0.0,0.0,0.0,0.0,0.0,0.059791505,0.0,0.0,0.27145195,0.08401684
1676,807,75,0.0,0.0,0.04849593,0.23854823,0.0,0.12008351,0.0,0.0,0.0,0.07282143,0.08863286,0.22576849,0.0,0.0,0.0,0.20564952
526,1734,75,0.13645604,0.27944803,0.04296558,0.0091260495,0.0,0.0,0.0,0.09893204,0.0,0.0,0.16711555,0.0,0.0,0.0,0.15398738,0.11196939
1589,1529,75,0.059413895,0.33073384,0.18628988,0.0,0.008302138,0.0,0.0,0.0,0.0,0.0,0.0,0.059791505,0.0,0.0,0.27145195,0.08401684
675,1646,75,0.0,0.10366639,0.1482015,0.0,0.0,0.0,0.0,0.16442852,0.0,0.0,0.17110388,0.068161905,0.0,0.0,0.12556723,0.21887057
81,789,75,0.059413895,0.33073384,0.18628988,0.0,0.008302138,0.0,0.0,0.0,0.0,0.0,0.0,0.059791505,0.0,0.0,0.27145195,0.08401684
1017,376,75,0.0,0.0,0.05701191,0.011716488,0.0,0.0045770756,0.0,0.019430282,0.0,0.0,0.15351962,0.3263564,0.0,0.0,0.06490096,0.36248735
1087,693,75,0.059413895,0.33073384,0.18628988,0.0,0.008302138,0.0,0.0,0.0,0.0,0.0,0.0,0.059791505,0.0,0.0,0.27145195,0.08401684
1034,1651,75,0.0,0.0,0.025841793,0.20350675,0.0,0.10872576,0.0,0.0,0.0,0.0374493,0.11899484,0.2612702,0.0,0.0,0.0,0.24421135
405,389,75,0.059413895,0.33073384,0.18628988,0.0,0.008302138,0.0,0.0,0.0,0.0,0.0,0.0,0.059791505,0.0,0.0,0.27145195,0.08401684
250,1347,75,0.059413895,0.33073384,0.18628988,0.0,0.008302138,0.0,0.0,0.0,0.0,0.0,0.0,0.059791505,0.0,0.0,0.27145195,0.08401684
1355,1149,75,0.0,0.05068841,0.2191047,0.12654486,0.0,0.001873527,0.0,0.011356085,0.0,0.0,0.0,0.20663658,0.0,0.0,0.18883495,0.19496089
675,1864,75,0.09780939,0.25981015,0.0797123,1.4077646e-05,0.0,0.0,0.0,0.108729094,0.0,0.004958995,0.15660407,0.0,0.0,0.0,0.15828395,0.13407797
1552,425,75,0.0,0.0,0.04786065,0.25213468,0.0,0.1269899,0.0,0.0,0.0,0.088395365,0.096983634,0.190689,0.0,0.0,0.0,0.19694676
1008,1333,75,0.0,0.0,0.14924847,0.1748333,0.0,0.026833702,0.0,0.0046796687,0.0,0.017685486,0.02939403,0.2893884,0.0,0.0044546127,0.08211219,0.22137015
1682,1067,75,0.0,0.0,0.05799774,0.0,0.0,0.0,0.0,0.07330081,0.0,0.0,0.25611022,0.25414163,0.0,0.0,0.09259958,0.26585004
1820,340,75,0.0,0.09502944,0.0074346806,0.055096235,0.0,0.0020876208,0.0,0.123650774,0.0,0.0,0.4489767,0.0825351,0.0,0.0,0.0,0.18518944
854,978,75,0.059413895,0.33073384,0.18628988,0.0,0.008302138,0.0,0.0,0.0,0.0,0.0,0.0,0.059791505,0.0,0.0,0.27145195,0.08401684
629,2022,75,0.059413895,0.33073384,0.18628988,0.0,0.008302138,0.0,0.0,0.0,0.0,0.0,0.0,0.059791505,0.0,0.0,0.27145195,0.08401684
502,592,75,0.059413895,0.33073384,0.18628988,0.0,0.008302138,0.0,0.0,0.0,0.0,0.0,0.0,0.059791505,0.0,0.0,0.27145195,0.08401684
563,1138,75,0.0,0.082850344,0.0,0.18694429,0.0,0.090983525,0.0,0.034603126,0.0,0.0,0.39318314,0.070866115,0.0,0.0,0.0,0.1405694
1495,490,75,0.0,0.0,0.051201124,0.0988909,0.0,0.037240434,0.0,0.0,0.0,0.02088641,0.13474186,0.3454745,0.0,0.0,0.029838834,0.2817259
789,1434,75,0.0,0.0,0.05701191,0.011716488,0.0,0.0045770756,0.0,0.019430282,0.0,0.0,0.15351962,0.3263564,0.0,0.0,0.06490096,0.36248735
633,853,75,0.059413895,0.33073384,0.18628988,0.0,0.008302138,0.0,0.0,0.0,0.0,0.0,0.0,0.059791505,0.0,0.0,0.27145195,0.08401684
768,635,75,0.05739462,0.32825568,0.18635114,0.0,0.0133682825,0.0,0.0,0.0,0.0,0.0,0.0,0.058873847,0.0,0.0,0.26980057,0.08595586
1770,1059,75,0.0,0.0,0.028224826,0.21797603,0.0,0.116120294,0.0,0.0,0.0,0.046488285,0.1176498,0.24383818,0.0,0.0,0.0,0.22970252
816,1926,75,0.098013915,0.19946659,0.13448681,0.1525609,0.0,0.0,0.0,0.0,0.0,0.0,0.0,0.170152,0.0,0.0,0.22109102,0.024228744
1458,1006,75,0.0,0.0,0.16041791,0.14427462,0.0,0.013014592,0.0,0.015335573,0.0,0.006493709,0.036531333,0.29278758,0.0,0.0,0.11062292,0.2205218
657,337,75,0.059413895,0.33073384,0.18628988,0.0,0.008302138,0.0,0.0,0.0,0.0,0.0,0.0,0.059791505,0.0,0.0,0.27145195,0.08401684
1374,382,75,0.0,0.0,0.060098615,0.0,0.0,0.0,0.0,0.106674634,0.0,0.0,0.26160666,0.20789199,0.0,0.0,0.0994398,0.2642883
456,953,75,0.059413895,0.33073384,0.18628988,0.0,0.008302138,0.0,0.0,0.0,0.0,0.0,0.0,0.059791505,0.0,0.0,0.27145195,0.08401684
1804,141,75,0.059413895,0.33073384,0.18628988,0.0,0.008302138,0.0,0.0,0.0,0.0,0.0,0.0,0.059791505,0.0,0.0,0.27145195,0.08401684
1519,2042,75,0.0,0.0,0.12368842,0.047957417,0.0,0.0,0.0,0.062269974,0.0,0.0,0.08606479,0.27397043,0.0,0.0,0.122755826,0.28329316
966,1813,75,0.0,0.0,0.07907635,0.0,0.0,0.0,0.0,0.113778055,0.0,0.0,0.21665068,0.20571029,0.0,0.0,0.11709955,0.26768503
1394,240,75,0.0,0.0,0.055329915,0.09227095,0.0,0.032963302,0.0,0.0,0.0,0.019109234,0.12923755,0.34889653,0.0,0.0,0.037433475,0.28475899
1007,736,75,0.059851896,0.33266243,0.1853979,0.0,0.0093216915,0.0,0.0,0.0,0.0,0.0,0.0,0.05705787,0.0,0.0,0.27108717,0.08462109
103,1860,75,0.059413895,0.33073384,0.18628988,0.0,0.008302138,0.0,0.0,0.0,0.0,0.0,0.0,0.059791505,0.0,0.0,0.27145195,0.08401684
591,1780,75,0.11218207,0.260052,0.043570135,0.009904727,0.0,0.0,0.0,0.12243424,0.0,4.4937024e-05,0.20124917,0.0,0.0,0.0,0.12703778,0.123524986
171,652,75,0.059413895,0.33073384,0.18628988,0.0,0.008302138,0.0,0.0,0.0,0.0,0.0,0.0,0.059791505,0.0,0.0,0.27145195,0.08401684
703,1972,75,0.059413895,0.33073384,0.18628988,0.0,0.008302138,0.0,0.0,0.0,0.0,0.0,0.0,0.059791505,0.0,0.0,0.27145195,0.08401684
1173,1772,75,0.0,0.0,0.0,0.05639928,0.0,0.059531383,0.0,0.0,0.0,0.0,0.26920426,0.27418643,0.0,0.0,0.0,0.34067863
944,1444,75,0.0,0.0,0.0834243,0.20769085,0.0,0.07630328,0.0,0.0,0.0,0.055214282,0.044507198,0.2835097,0.0,0.0,0.014261911,0.23508854
971,693,75,0.0,0.18429412,0.21827635,0.005517828,0.0,0.0,0.0,0.057490192,0.0,0.0,0.01971576,0.09830357,0.0,0.0,0.21431355,0.2020886
406,1264,75,0.0,0.0,0.007678855,0.0,0.0,0.0,0.0,0.086506605,0.0,0.0,0.37902802,0.21563503,0.0,0.0,0.04110977,0.27004176
1090,1343,75,0.0,0.092838265,0.22701433,0.09436883,0.0,0.0,0.0,0.0111094285,0.0,0.0,0.0,0.18341744,0.0,0.0,0.20742665,0.18382505
988,481,75,0.0,0.0,0.05546706,0.006607353,0.0,0.0,0.0,0.021472558,0.0,0.0,0.17232978,0.32632434,0.0,0.0,0.07388366,0.3439152
764,454,75,0.059413895,0.33073384,0.18628988,0.0,0.008302138,0.0,0.0,0.0,0.0,0.0,0.0,0.059791505,0.0,0.0,0.27145195,0.08401684
1208,1083,75,0.0,0.0,0.051797558,0.006656717,0.0,0.004796224,0.0,0.018694883,0.0,0.0,0.16476934,0.32189935,0.0,0.0,0.058684696,0.37270117
1781,1590,75,0.0,0.0,0.046871554,0.0,0.0,0.0,0.0,0.12812412,0.0,0.0,0.3183674,0.17704894,0.0,0.0,0.07597309,0.25361487
1309,1359,75,0.059413895,0.33073384,0.18628988,0.0,0.008302138,0.0,0.0,0.0,0.0,0.0,0.0,0.059791505,0.0,0.0,0.27145195,0.08401684
495,1619,75,0.11216539,0.26065987,0.033503983,0.0110025415,0.0,0.0,0.0,0.13041939,0.0,0.0043323757,0.21248163,0.0,0.0,0.0,0.113292925,0.12214185
819,110,75,0.0,0.0,0.058149297,0.011066808,0.0,0.0023071305,0.0,0.021086922,0.0,0.0,0.15854537,0.3259131,0.0,0.0,0.070851125,0.3520803
1760,264,75,0.059413895,0.33073384,0.18628988,0.0,0.008302138,0.0,0.0,0.0,0.0,0.0,0.0,0.059791505,0.0,0.0,0.27145195,0.08401684
1815,1215,75,0.0,0.0,0.0804544,0.056217182,0.0,0.013666507,0.0,0.017825123,0.0,0.0,0.08758296,0.33271223,0.0,0.0,0.063380904,0.3481607
349,966,75,0.059413895,0.33073384,0.18628988,0.0,0.008302138,0.0,0.0,0.0,0.0,0.0,0.0,0.059791505,0.0,0.0,0.27145195,0.08401684
1294,1774,75,0.04975707,0.21629234,0.11647047,0.0,0.0,0.0,0.0,0.13602692,0.0,0.008709294,0.15225527,0.00066952326,0.0,0.0,0.14072847,0.17909063
1249,812,75,0.0,0.14756554,0.025370562,0.050168533,0.0,0.0,0.0,0.14194529,0.0,0.0,0.42496452,0.039999258,0.0,0.0,0.0,0.16998628
1843,1951,75,0.059413895,0.33073384,0.18628988,0.0,0.008302138,0.0,0.0,0.0,0.0,0.0,0.0,0.059791505,0.0,0.0,0.27145195,0.08401684
1508,1368,75,0.059413895,0.33073384,0.18628988,0.0,0.008302138,0.0,0.0,0.0,0.0,0.0,0.0,0.059791505,0.0,0.0,0.27145195,0.08401684
1195,569,75,0.0,0.0,0.1669699,0.1397947,0.0,0.01135016,0.0,0.020006463,0.0,0.00053561456,0.03376335,0.28593498,0.0,0.0,0.1238177,0.21782708
597,1990,75,0.059413895,0.33073384,0.18628988,0.0,0.008302138,0.0,0.0,0.0,0.0,0.0,0.0,0.059791505,0.0,0.0,0.27145195,0.08401684
173,1613,75,0.059413895,0.33073384,0.18628988,0.0,0.008302138,0.0,0.0,0.0,0.0,0.0,0.0,0.059791505,0.0,0.0,0.27145195,0.08401684
346,772,75,0.059413895,0.33073384,0.18628988,0.0,0.008302138,0.0,0.0,0.0,0.0,0.0,0.0,0.059791505,0.0,0.0,0.27145195,0.08401684
1792,1643,75,0.0,0.0,0.042617287,0.0,0.0,0.0,0.0,0.07531867,0.0,0.0,0.27469876,0.24251275,0.0,0.0,0.07979904,0.2850535
146,1251,75,0.059413895,0.33073384,0.18628988,0.0,0.008302138,0.0,0.0,0.0,0.0,0.0,0.0,0.059791505,0.0,0.0,0.27145195,0.08401684
1375,1676,75,0.016680492,0.1600631,0.1562532,0.0,0.0,0.0,0.0,0.14245707,0.0,0.004786309,0.12446367,0.03625901,0.0,0.0,0.15025768,0.20877956
1323,100,75,0.0,0.0,0.04826423,0.0326237,0.0,0.010800967,0.0,0.0,0.0,0.0068984255,0.21045141,0.33653265,0.0,0.0,0.06806796,0.28636065
1023,1516,75,0.17647333,0.1802263,0.0,0.21292406,0.0,0.10956205,0.0,0.0,0.0,0.0055291285,0.11032914,0.044374492,0.0,0.0,0.08696473,0.07361682
543,1906,75,0.059413895,0.33073384,0.18628988,0.0,0.008302138,0.0,0.0,0.0,0.0,0.0,0.0,0.059791505,0.0,0.0,0.27145195,0.08401684
510,447,75,0.059413895,0.33073384,0.18628988,0.0,0.008302138,0.0,0.0,0.0,0.0,0.0,0.0,0.059791505,0.0,0.0,0.27145195,0.08401684
1408,1794,75,0.016680492,0.1600631,0.1562532,0.0,0.0,0.0,0.0,0.14245707,0.0,0.004786309,0.12446367,0.03625901,0.0,0.0,0.15025768,0.20877956
920,247,75,0.0,0.0,0.05723701,0.011759481,0.0,0.0043590497,0.0,0.019627772,0.0,0.0,0.15383378,0.3263047,0.0,0.0,0.06563619,0.36124203
1415,1998,75,0.0,0.0,0.0,0.09377339,0.0,0.071101405,0.0,0.0,0.0,0.0,0.34849986,0.23991233,0.0,0.0,0.0,0.24671301
813,801,75,0.059413895,0.33073384,0.18628988,0.0,0.008302138,0.0,0.0,0.0,0.0,0.0,0.0,0.059791505,0.0,0.0,0.27145195,0.08401684
505,2009,75,0.059413895,0.33073384,0.18628988,0.0,0.008302138,0.0,0.0,0.0,0.0,0.0,0.0,0.059791505,0.0,0.0,0.27145195,0.08401684
1536,1534,75,0.0,0.01980366,0.2119788,0.11275505,0.0,0.0,0.0,0.04249668,0.0,0.0,0.0,0.22013848,0.0,0.0,0.17593117,0.2168962
121,375,75,0.059413895,0.33073384,0.18628988,0.0,0.008302138,0.0,0.0,0.0,0.0,0.0,0.0,0.059791505,0.0,0.0,0.27145195,0.08401684
1474,911,75,0.0,0.0,0.09379542,0.05436211,0.0,0.0063845296,0.0,0.035623506,0.0,0.0,0.08068932,0.31145456,0.0,0.0,0.07446767,0.34322286
1705,1640,75,0.0,0.1852878,0.19094954,0.0,0.081736945,0.0,0.0,0.012473866,0.0,0.0,0.07218018,0.08618027,0.0,0.040483963,0.17897977,0.15172768
307,1230,75,0.0,0.21116161,0.20959619,0.0,0.085688345,0.0,0.0,0.0008944004,0.0,0.0,0.010699977,0.07497682,0.0007769934,0.047851946,0.20336397,0.15498973
1303,1627,75,0.01669743,0.16009732,0.15623313,0.0,0.0,0.0,0.0,0.14245354,0.0,0.0047953352,0.1244735,0.036233343,0.0,0.0,0.15025286,0.20876351
1091,438,75,0.0,0.0,0.057032894,0.01338834,0.0,0.0053437958,0.0,0.017629476,0.0,0.0,0.15238577,0.32816944,0.0,0.0,0.06414333,0.36190698
1869,1003,75,0.038309805,0.31176984,0.19242924,0.0,0.037312414,0.0,0.0,0.0,0.0,0.0,0.0,0.036837436,0.0,0.0,0.26121944,0.1221218
1469,1444,75,0.0,0.0,0.20568486,0.0759738,0.0,0.0,0.0,0.07798143,0.0,0.0,0.01490461,0.205513,0.0,0.0,0.16991639,0.2500259
543,1607,75,0.047261905,0.23035696,0.07983376,0.0,0.0,0.0,0.0,0.14569703,0.0,0.013283839,0.223287,0.0,0.0,0.0,0.10644696,0.15383247
804,340,75,0.0,0.0,0.066837035,0.0,0.0,0.0,0.0,0.1400421,0.0,0.0,0.26712617,0.17121409,0.0,0.0,0.09933415,0.25544637
536,1075,75,0.059413895,0.33073384,0.18628988,0.0,0.008302138,0.0,0.0,0.0,0.0,0.0,0.0,0.059791505,0.0,0.0,0.27145195,0.08401684
1255,1559,75,0.0,0.13381588,0.12606862,0.0,0.0,0.0,0.0,0.17666979,0.0,0.0023540566,0.2257158,0.039330706,0.0,0.0,0.09187128,0.20417388
1870,806,75,0.059413895,0.33073384,0.18628988,0.0,0.008302138,0.0,0.0,0.0,0.0,0.0,0.0,0.059791505,0.0,0.0,0.27145195,0.08401684
453,946,75,0.059413895,0.33073384,0.18628988,0.0,0.008302138,0.0,0.0,0.0,0.0,0.0,0.0,0.059791505,0.0,0.0,0.27145195,0.08401684
1783,554,75,0.0,0.2708107,0.18169615,0.0,0.039016753,0.0,0.0,0.044596236,0.0,0.0,0.086860016,0.007451023,0.0,0.0,0.1978127,0.17175646
1552,200,75,0.059413895,0.33073384,0.18628988,0.0,0.008302138,0.0,0.0,0.0,0.0,0.0,0.0,0.059791505,0.0,0.0,0.27145195,0.08401684
496,295,75,0.059413895,0.33073384,0.18628988,0.0,0.008302138,0.0,0.0,0.0,0.0,0.0,0.0,0.059791505,0.0,0.0,0.27145195,0.08401684
